query_id	subject_id	n_of_mismatches	e_value	bit_score	name	gene	number1	cog	involve	mission	bacteria	NC_000964	medium	locus	gene_ontology	p
PJKHBDOM_00001	DEG10650027	0	0.0	928.0	DEG1065	dnaA	Protein_ID: WP_001290430.1	-	-	chromosomal replication initiator protein DnaA	Staphylococcus aureus subsp. aureus MRSA252	NC_002952	MHBII medium	locus_tag:SAR_RS00005	-	-
PJKHBDOM_00002	DEG10650034	0	0.0	761.0	DEG1065	dnaN	Protein_ID: WP_000969811.1	-	-	DNA polymerase III subunit beta	Staphylococcus aureus subsp. aureus MRSA252	NC_002952	MHBII medium	locus_tag:SAR_RS00010	-	-
PJKHBDOM_00005	DEG10650076	0	0.0	1327.0	DEG1065	gyrB	Protein_ID: WP_000255583.1	-	-	DNA topoisomerase (ATP-hydrolyzing) subunit B	Staphylococcus aureus subsp. aureus MRSA252	NC_002952	MHBII medium	locus_tag:SAR_RS00025	-	-
PJKHBDOM_00006	DEG10650075	1	0.0	1782.0	DEG1065	gyrA	Protein_ID: WP_000819069.1	-	-	DNA gyrase subunit A	Staphylococcus aureus subsp. aureus MRSA252	NC_002952	MHBII medium	locus_tag:SAR_RS00030	-	-
PJKHBDOM_00009	DEG10650165	0	0.0	889.0	DEG1065	serS	Protein_ID: WP_000884337.1	-	-	serine--tRNA ligase	Staphylococcus aureus subsp. aureus MRSA252	NC_002952	MHBII medium	locus_tag:SAR_RS00045	-	-
PJKHBDOM_00014	DEG10650249	1	0.0	1339.0	DEG1065	gdpP	Protein_ID: WP_001081642.1	-	-	cyclic-di-AMP phosphodiesterase GdpP	Staphylococcus aureus subsp. aureus MRSA252	NC_002952	MHBII medium	locus_tag:SAR_RS00070	-	-
PJKHBDOM_00016	DEG10650029	1	0.0	960.0	DEG1065	dnaB	Protein_ID: WP_000375647.1	-	-	replicative DNA helicase	Staphylococcus aureus subsp. aureus MRSA252	NC_002952	MHBII medium	locus_tag:SAR_RS00080	-	-
PJKHBDOM_00020	DEG10650195	0	1.35e-175	476.0	DEG1065	-	Protein_ID: WP_000101976.1	-	-	response regulator transcription factor	Staphylococcus aureus subsp. aureus MRSA252	NC_002952	MHBII medium	locus_tag:SAR_RS00100	-	-
PJKHBDOM_00021	DEG10650194	1	0.0	1234.0	DEG1065	walK	Protein_ID: WP_000871610.1	-	-	cell wall metabolism sensor histidine kinase WalK	Staphylococcus aureus subsp. aureus MRSA252	NC_002952	MHBII medium	locus_tag:SAR_RS00105	-	-
PJKHBDOM_00058	DEG10650294	204	3.23e-15	68.9	DEG1065	xerD	Protein_ID: WP_000447733.1	-	-	site-specific tyrosine recombinase XerD	Staphylococcus aureus subsp. aureus MRSA252	NC_002952	MHBII medium	locus_tag:SAR_RS08055	-	-
PJKHBDOM_00059	DEG10650294	174	1.4e-10	56.2	DEG1065	xerD	Protein_ID: WP_000447733.1	-	-	site-specific tyrosine recombinase XerD	Staphylococcus aureus subsp. aureus MRSA252	NC_002952	MHBII medium	locus_tag:SAR_RS08055	-	-
PJKHBDOM_00074	DEG10650110	298	7.28e-17	77.8	DEG1065	-	Protein_ID: WP_001118652.1	-	-	penicillin-binding protein	Staphylococcus aureus subsp. aureus MRSA252	NC_002952	MHBII medium	locus_tag:SAR_RS05910	-	-
PJKHBDOM_00094	DEG10650294	174	1.4e-10	56.2	DEG1065	xerD	Protein_ID: WP_000447733.1	-	-	site-specific tyrosine recombinase XerD	Staphylococcus aureus subsp. aureus MRSA252	NC_002952	MHBII medium	locus_tag:SAR_RS08055	-	-
PJKHBDOM_00147	DEG10650039	137	1.5599999999999999e-52	165.0	DEG1065	fabG	Protein_ID: WP_000167269.1	-	-	3-oxoacyl-[acyl-carrier-protein] reductase	Staphylococcus aureus subsp. aureus MRSA252	NC_002952	MHBII medium	locus_tag:SAR_RS06160	-	-
PJKHBDOM_00162	DEG10650262	141	8.820000000000001e-31	109.0	DEG1065	-	Protein_ID: WP_000389651.1	-	-	energy-coupling factor transporter ATPase	Staphylococcus aureus subsp. aureus MRSA252	NC_002952	MHBII medium	locus_tag:SAR_RS12055	-	-
PJKHBDOM_00193	DEG10650239	133	1.77e-22	87.8	DEG1065	-	Protein_ID: WP_000586768.1	-	-	energy-coupling factor transporter ATPase	Staphylococcus aureus subsp. aureus MRSA252	NC_002952	MHBII medium	locus_tag:SAR_RS12050	-	-
PJKHBDOM_00198	DEG10650270	82	7.91e-06	36.2	DEG1065	-	Protein_ID: WP_000831495.1	-	-	DUF2294 domain-containing protein	Staphylococcus aureus subsp. aureus MRSA252	NC_002952	MHBII medium	locus_tag:SAR_RS02250	-	-
PJKHBDOM_00220	DEG10650262	143	3.26e-35	127.0	DEG1065	-	Protein_ID: WP_000389651.1	-	-	energy-coupling factor transporter ATPase	Staphylococcus aureus subsp. aureus MRSA252	NC_002952	MHBII medium	locus_tag:SAR_RS12055	-	-
PJKHBDOM_00220	DEG10650262	130	5.85e-32	118.0	DEG1065	-	Protein_ID: WP_000389651.1	-	-	energy-coupling factor transporter ATPase	Staphylococcus aureus subsp. aureus MRSA252	NC_002952	MHBII medium	locus_tag:SAR_RS12055	-	-
PJKHBDOM_00229	DEG10650262	135	1.14e-32	117.0	DEG1065	-	Protein_ID: WP_000389651.1	-	-	energy-coupling factor transporter ATPase	Staphylococcus aureus subsp. aureus MRSA252	NC_002952	MHBII medium	locus_tag:SAR_RS12055	-	-
PJKHBDOM_00238	DEG10650195	72	1.6e-08	47.4	DEG1065	-	Protein_ID: WP_000101976.1	-	-	response regulator transcription factor	Staphylococcus aureus subsp. aureus MRSA252	NC_002952	MHBII medium	locus_tag:SAR_RS00100	-	-
PJKHBDOM_00265	DEG10650225	222	2.88e-09	51.2	DEG1065	-	Protein_ID: WP_000610203.1	-	-	alcohol dehydrogenase catalytic domain-containing protein	Staphylococcus aureus subsp. aureus MRSA252	NC_002952	MHBII medium	locus_tag:SAR_RS01260	-	-
PJKHBDOM_00268	DEG10650292	56	3.06e-139	384.0	DEG1065	-	Protein_ID: WP_000872486.1	-	-	D-ribitol-5-phosphate cytidylyltransferase	Staphylococcus aureus subsp. aureus MRSA252	NC_002952	MHBII medium	locus_tag:SAR_RS01255	-	-
PJKHBDOM_00269	DEG10650225	65	0.0	585.0	DEG1065	-	Protein_ID: WP_000610203.1	-	-	alcohol dehydrogenase catalytic domain-containing protein	Staphylococcus aureus subsp. aureus MRSA252	NC_002952	MHBII medium	locus_tag:SAR_RS01260	-	-
PJKHBDOM_00270	DEG10650176	181	6.389999999999999e-34	126.0	DEG1065	-	Protein_ID: WP_000598264.1	-	-	CDP-glycerol glycerophosphotransferase family protein	Staphylococcus aureus subsp. aureus MRSA252	NC_002952	MHBII medium	locus_tag:SAR_RS01250	-	-
PJKHBDOM_00272	DEG10650176	0	0.0	810.0	DEG1065	-	Protein_ID: WP_000598264.1	-	-	CDP-glycerol glycerophosphotransferase family protein	Staphylococcus aureus subsp. aureus MRSA252	NC_002952	MHBII medium	locus_tag:SAR_RS01250	-	-
PJKHBDOM_00273	DEG10650292	0	8.610000000000001e-179	484.0	DEG1065	-	Protein_ID: WP_000872486.1	-	-	D-ribitol-5-phosphate cytidylyltransferase	Staphylococcus aureus subsp. aureus MRSA252	NC_002952	MHBII medium	locus_tag:SAR_RS01255	-	-
PJKHBDOM_00274	DEG10650225	0	0.0	699.0	DEG1065	-	Protein_ID: WP_000610203.1	-	-	alcohol dehydrogenase catalytic domain-containing protein	Staphylococcus aureus subsp. aureus MRSA252	NC_002952	MHBII medium	locus_tag:SAR_RS01260	-	-
PJKHBDOM_00275	DEG10650176	176	3.8e-33	124.0	DEG1065	-	Protein_ID: WP_000598264.1	-	-	CDP-glycerol glycerophosphotransferase family protein	Staphylococcus aureus subsp. aureus MRSA252	NC_002952	MHBII medium	locus_tag:SAR_RS01250	-	-
PJKHBDOM_00279	DEG10650195	72	1.04e-07	45.1	DEG1065	-	Protein_ID: WP_000101976.1	-	-	response regulator transcription factor	Staphylococcus aureus subsp. aureus MRSA252	NC_002952	MHBII medium	locus_tag:SAR_RS00100	-	-
PJKHBDOM_00295	DEG10650239	132	1.26e-17	73.6	DEG1065	-	Protein_ID: WP_000586768.1	-	-	energy-coupling factor transporter ATPase	Staphylococcus aureus subsp. aureus MRSA252	NC_002952	MHBII medium	locus_tag:SAR_RS12050	-	-
PJKHBDOM_00332	DEG10650239	144	4.9699999999999996e-30	107.0	DEG1065	-	Protein_ID: WP_000586768.1	-	-	energy-coupling factor transporter ATPase	Staphylococcus aureus subsp. aureus MRSA252	NC_002952	MHBII medium	locus_tag:SAR_RS12050	-	-
PJKHBDOM_00345	DEG10650294	135	2.12e-11	57.8	DEG1065	xerD	Protein_ID: WP_000447733.1	-	-	site-specific tyrosine recombinase XerD	Staphylococcus aureus subsp. aureus MRSA252	NC_002952	MHBII medium	locus_tag:SAR_RS08055	-	-
PJKHBDOM_00362	DEG10650168	50	1.18e-72	209.0	DEG1065	ssb	Protein_ID: WP_000934799.1	-	-	single-stranded DNA-binding protein	Staphylococcus aureus subsp. aureus MRSA252	NC_002952	MHBII medium	locus_tag:SAR_RS01825	-	-
PJKHBDOM_00363	DEG10650028	21	5.07e-06	40.8	DEG1065	-	Protein_ID: WP_000533488.1	-	-	DnaD domain protein	Staphylococcus aureus subsp. aureus MRSA252	NC_002952	MHBII medium	locus_tag:SAR_RS09025	-	-
PJKHBDOM_00404	DEG10650246	109	2.27e-47	162.0	DEG1065	-	Protein_ID: WP_001032833.1	-	-	N-acetylglucosaminidase	Staphylococcus aureus subsp. aureus MRSA252	NC_002952	MHBII medium	locus_tag:SAR_RS09530	-	-
PJKHBDOM_00441	DEG10650173	135	3.48e-14	64.7	DEG1065	tagH	Protein_ID: WP_001103233.1	-	-	teichoic acids export ABC transporter ATP-binding subunit TagH	Staphylococcus aureus subsp. aureus MRSA252	NC_002952	MHBII medium	locus_tag:SAR_RS03320	-	-
PJKHBDOM_00454	DEG10650107	57	1.28e-20	86.3	DEG1065	obgE	Protein_ID: WP_000496098.1	-	-	GTPase ObgE	Staphylococcus aureus subsp. aureus MRSA252	NC_002952	MHBII medium	locus_tag:SAR_RS08810	-	-
PJKHBDOM_00456	DEG10650157	0	2.63e-69	196.0	DEG1065	-	Protein_ID: WP_001261460.1	-	-	30S ribosomal protein S6	Staphylococcus aureus subsp. aureus MRSA252	NC_002952	MHBII medium	locus_tag:SAR_RS01820	-	-
PJKHBDOM_00457	DEG10650168	1	7.680000000000001e-123	337.0	DEG1065	ssb	Protein_ID: WP_000934799.1	-	-	single-stranded DNA-binding protein	Staphylococcus aureus subsp. aureus MRSA252	NC_002952	MHBII medium	locus_tag:SAR_RS01825	-	-
PJKHBDOM_00460	DEG10650294	47	1.24e-11	53.1	DEG1065	xerD	Protein_ID: WP_000447733.1	-	-	site-specific tyrosine recombinase XerD	Staphylococcus aureus subsp. aureus MRSA252	NC_002952	MHBII medium	locus_tag:SAR_RS08055	-	-
PJKHBDOM_00473	DEG10650186	188	4.07e-52	173.0	DEG1065	trxB	Protein_ID: WP_000134960.1	-	-	thioredoxin-disulfide reductase	Staphylococcus aureus subsp. aureus MRSA252	NC_002952	MHBII medium	locus_tag:SAR_RS04175	-	-
PJKHBDOM_00483	DEG10650242	1	0.0	1049.0	DEG1065	guaA	Protein_ID: WP_000424963.1	-	-	glutamine-hydrolyzing GMP synthase	Staphylococcus aureus subsp. aureus MRSA252	NC_002952	MHBII medium	locus_tag:SAR_RS02060	-	-
PJKHBDOM_00490	DEG10650055	424	8.449999999999999e-68	228.0	DEG1065	fusA	Protein_ID: WP_000090315.1	-	-	elongation factor G	Staphylococcus aureus subsp. aureus MRSA252	NC_002952	MHBII medium	locus_tag:SAR_RS02860	-	-
PJKHBDOM_00498	DEG10650205	91	3.27e-47	145.0	DEG1065	-	Protein_ID: WP_000175746.1	-	-	dihydrofolate reductase	Staphylococcus aureus subsp. aureus MRSA252	NC_002952	MHBII medium	locus_tag:SAR_RS07350	-	-
PJKHBDOM_00512	DEG10650228	54	4.34e-08	49.7	DEG1065	addA	Protein_ID: WP_000154950.1	-	-	helicase-exonuclease AddAB subunit AddA	Staphylococcus aureus subsp. aureus MRSA252	NC_002952	MHBII medium	locus_tag:SAR_RS04730	-	-
PJKHBDOM_00548	DEG10650105	9	0.0	972.0	DEG1065	-	Protein_ID: WP_000948285.1	-	-	NADH dehydrogenase subunit 5	Staphylococcus aureus subsp. aureus MRSA252	NC_002952	MHBII medium	locus_tag:SAR_RS02240	-	-
PJKHBDOM_00549	DEG10650074	19	0.0	1853.0	DEG1065	-	Protein_ID: WP_000211555.1	-	-	YbcC family protein	Staphylococcus aureus subsp. aureus MRSA252	NC_002952	MHBII medium	locus_tag:SAR_RS02245	-	-
PJKHBDOM_00550	DEG10650270	0	4.3200000000000005e-86	240.0	DEG1065	-	Protein_ID: WP_000831495.1	-	-	DUF2294 domain-containing protein	Staphylococcus aureus subsp. aureus MRSA252	NC_002952	MHBII medium	locus_tag:SAR_RS02250	-	-
PJKHBDOM_00558	DEG10650262	142	2.7199999999999997e-42	142.0	DEG1065	-	Protein_ID: WP_000389651.1	-	-	energy-coupling factor transporter ATPase	Staphylococcus aureus subsp. aureus MRSA252	NC_002952	MHBII medium	locus_tag:SAR_RS12055	-	-
PJKHBDOM_00575	DEG10650035	1	0.0	1168.0	DEG1065	dnaX	Protein_ID: WP_001109044.1	-	-	DNA polymerase III subunit gamma/tau	Staphylococcus aureus subsp. aureus MRSA252	NC_002952	MHBII medium	locus_tag:SAR_RS02380	-	-
PJKHBDOM_00576	DEG10650269	0	5.1700000000000005e-73	206.0	DEG1065	-	Protein_ID: WP_001213992.1	-	-	YbaB/EbfC family nucleoid-associated protein	Staphylococcus aureus subsp. aureus MRSA252	NC_002952	MHBII medium	locus_tag:SAR_RS02385	-	-
PJKHBDOM_00582	DEG10650182	0	1.64e-153	417.0	DEG1065	-	Protein_ID: WP_001272126.1	-	-	dTMP kinase	Staphylococcus aureus subsp. aureus MRSA252	NC_002952	MHBII medium	locus_tag:SAR_RS02425	-	-
PJKHBDOM_00584	DEG10650036	3	0.0	626.0	DEG1065	-	Protein_ID: WP_000344325.1	-	-	DNA polymerase III subunit delta'	Staphylococcus aureus subsp. aureus MRSA252	NC_002952	MHBII medium	locus_tag:SAR_RS02440	-	-
PJKHBDOM_00590	DEG10650089	4	0.0	1344.0	DEG1065	metG	Protein_ID: WP_001051120.1	-	-	methionine--tRNA ligase	Staphylococcus aureus subsp. aureus MRSA252	NC_002952	MHBII medium	locus_tag:SAR_RS02475	-	-
PJKHBDOM_00599	DEG10650061	1	5.32e-56	173.0	DEG1065	glmU	Protein_ID: WP_001252534.1	-	-	bifunctional UDP-N-acetylglucosamine diphosphorylase/glucosamine-1-phosphate N-acetyltransferase GlmU	Staphylococcus aureus subsp. aureus MRSA252	NC_002952	MHBII medium	locus_tag:SAR_RS02525	-	-
PJKHBDOM_00600	DEG10650061	2	0.0	684.0	DEG1065	glmU	Protein_ID: WP_001252534.1	-	-	bifunctional UDP-N-acetylglucosamine diphosphorylase/glucosamine-1-phosphate N-acetyltransferase GlmU	Staphylococcus aureus subsp. aureus MRSA252	NC_002952	MHBII medium	locus_tag:SAR_RS02525	-	-
PJKHBDOM_00601	DEG10650127	0	0.0	652.0	DEG1065	-	Protein_ID: WP_000933774.1	-	-	ribose-phosphate diphosphokinase	Staphylococcus aureus subsp. aureus MRSA252	NC_002952	MHBII medium	locus_tag:SAR_RS02530	-	-
PJKHBDOM_00603	DEG10650129	0	2.11e-143	391.0	DEG1065	-	Protein_ID: WP_000649791.1	-	-	aminoacyl-tRNA hydrolase	Staphylococcus aureus subsp. aureus MRSA252	NC_002952	MHBII medium	locus_tag:SAR_RS02545	-	-
PJKHBDOM_00604	DEG10650125	164	2.32e-09	54.7	DEG1065	priA	Protein_ID: WP_000560856.1	-	-	primosomal protein N'	Staphylococcus aureus subsp. aureus MRSA252	NC_002952	MHBII medium	locus_tag:SAR_RS06065	-	-
PJKHBDOM_00605	DEG10650098	317	1.78e-13	65.9	DEG1065	-	Protein_ID: WP_000004340.1	-	-	polysaccharide biosynthesis protein	Staphylococcus aureus subsp. aureus MRSA252	NC_002952	MHBII medium	locus_tag:SAR_RS09435	-	-
PJKHBDOM_00608	DEG10650026	0	8.37e-93	258.0	DEG1065	-	Protein_ID: WP_000792417.1	-	-	septum formation initiator family protein	Staphylococcus aureus subsp. aureus MRSA252	NC_002952	MHBII medium	locus_tag:SAR_RS02570	-	-
PJKHBDOM_00610	DEG10650180	6	0.0	880.0	DEG1065	tilS	Protein_ID: WP_001176721.1	-	-	tRNA lysidine(34) synthetase TilS	Staphylococcus aureus subsp. aureus MRSA252	NC_002952	MHBII medium	locus_tag:SAR_RS02580	-	-
PJKHBDOM_00615	DEG10650048	12	0.0	528.0	DEG1065	folP	Protein_ID: WP_000167936.1	-	-	dihydropteroate synthase	Staphylococcus aureus subsp. aureus MRSA252	NC_002952	MHBII medium	locus_tag:SAR_RS02605	-	-
PJKHBDOM_00616	DEG10650265	1	1.4800000000000002e-88	246.0	DEG1065	folB	Protein_ID: WP_001154303.1	-	-	dihydroneopterin aldolase	Staphylococcus aureus subsp. aureus MRSA252	NC_002952	MHBII medium	locus_tag:SAR_RS02610	-	-
PJKHBDOM_00617	DEG10650047	5	3.1e-115	317.0	DEG1065	folK	Protein_ID: WP_000613720.1	-	-	2-amino-4-hydroxy-6- hydroxymethyldihydropteridine diphosphokinase	Staphylococcus aureus subsp. aureus MRSA252	NC_002952	MHBII medium	locus_tag:SAR_RS02615	-	-
PJKHBDOM_00618	DEG10650086	1	0.0	1018.0	DEG1065	lysS	Protein_ID: WP_001288201.1	-	-	lysine--tRNA ligase	Staphylococcus aureus subsp. aureus MRSA252	NC_002952	MHBII medium	locus_tag:SAR_RS02625	-	-
PJKHBDOM_00641	DEG10650202	172	6.81e-08	48.9	DEG1065	clpX	Protein_ID: WP_000472293.1	-	-	ATP-dependent Clp protease ATP-binding subunit ClpX	Staphylococcus aureus subsp. aureus MRSA252	NC_002952	MHBII medium	locus_tag:SAR_RS08960	-	-
PJKHBDOM_00644	DEG10650063	1	0.0	998.0	DEG1065	-	Protein_ID: WP_001283787.1	-	-	glutamate--tRNA ligase	Staphylococcus aureus subsp. aureus MRSA252	NC_002952	MHBII medium	locus_tag:SAR_RS02765	-	-
PJKHBDOM_00645	DEG10650018	1	1.19e-160	437.0	DEG1065	cysE	Protein_ID: WP_001805237.1	-	-	serine O-acetyltransferase	Staphylococcus aureus subsp. aureus MRSA252	NC_002952	MHBII medium	locus_tag:SAR_RS02770	-	-
PJKHBDOM_00646	DEG10650019	5	0.0	957.0	DEG1065	-	Protein_ID: WP_000631983.1	-	-	cysteine--tRNA ligase	Staphylococcus aureus subsp. aureus MRSA252	NC_002952	MHBII medium	locus_tag:SAR_RS02775	-	-
PJKHBDOM_00652	DEG10650273	0	2.87e-133	364.0	DEG1065	nusG	Protein_ID: WP_001288302.1	-	-	transcription termination/antitermination protein NusG	Staphylococcus aureus subsp. aureus MRSA252	NC_002952	MHBII medium	locus_tag:SAR_RS02805	-	-
PJKHBDOM_00653	DEG10650280	0	1.66e-101	281.0	DEG1065	rplK	Protein_ID: WP_001085792.1	-	-	50S ribosomal protein L11	Staphylococcus aureus subsp. aureus MRSA252	NC_002952	MHBII medium	locus_tag:SAR_RS02810	-	-
PJKHBDOM_00656	DEG10650144	0	6.78e-120	329.0	DEG1065	-	Protein_ID: WP_001273085.1	-	-	50S ribosomal protein L10	Staphylococcus aureus subsp. aureus MRSA252	NC_002952	MHBII medium	locus_tag:SAR_RS02820	-	-
PJKHBDOM_00657	DEG10650217	1	8.51e-80	224.0	DEG1065	rplL	Protein_ID: WP_001273587.1	-	-	50S ribosomal protein L7/L12	Staphylococcus aureus subsp. aureus MRSA252	NC_002952	MHBII medium	locus_tag:SAR_RS02825	-	-
PJKHBDOM_00659	DEG10650152	1	0.0	2424.0	DEG1065	rpoB	Protein_ID: WP_000918664.1	-	-	DNA-directed RNA polymerase subunit beta	Staphylococcus aureus subsp. aureus MRSA252	NC_002952	MHBII medium	locus_tag:SAR_RS02835	-	-
PJKHBDOM_00660	DEG10650153	2	0.0	2460.0	DEG1065	rpoC	Protein_ID: WP_001819727.1	-	-	DNA-directed RNA polymerase subunit beta'	Staphylococcus aureus subsp. aureus MRSA252	NC_002952	MHBII medium	locus_tag:SAR_RS02840	-	-
PJKHBDOM_00661	DEG10650279	1	1.4200000000000001e-57	166.0	DEG1065	-	Protein_ID: WP_000031892.1	-	-	ribosomal L7Ae/L30e/S12e/Gadd45 family protein	Staphylococcus aureus subsp. aureus MRSA252	NC_002952	MHBII medium	locus_tag:SAR_RS02845	-	-
PJKHBDOM_00662	DEG10650160	1	1.47e-99	276.0	DEG1065	rpsL	Protein_ID: WP_001142337.1	-	-	30S ribosomal protein S12	Staphylococcus aureus subsp. aureus MRSA252	NC_002952	MHBII medium	locus_tag:SAR_RS02850	-	-
PJKHBDOM_00664	DEG10650055	1	0.0	1431.0	DEG1065	fusA	Protein_ID: WP_000090315.1	-	-	elongation factor G	Staphylococcus aureus subsp. aureus MRSA252	NC_002952	MHBII medium	locus_tag:SAR_RS02860	-	-
PJKHBDOM_00665	DEG10650190	0	0.0	800.0	DEG1065	tuf	Protein_ID: WP_001040568.1	-	-	elongation factor Tu	Staphylococcus aureus subsp. aureus MRSA252	NC_002952	MHBII medium	locus_tag:SAR_RS02865	-	-
PJKHBDOM_00684	DEG10650046	2	0.0	602.0	DEG1065	-	Protein_ID: WP_000134231.1	-	-	GTP cyclohydrolase I FolE2	Staphylococcus aureus subsp. aureus MRSA252	NC_002952	MHBII medium	locus_tag:SAR_RS02950	-	-
PJKHBDOM_00704	DEG10650207	2	0.0	521.0	DEG1065	-	Protein_ID: WP_000075713.1	-	-	heme-dependent peroxidase	Staphylococcus aureus subsp. aureus MRSA252	NC_002952	MHBII medium	locus_tag:SAR_RS03050	-	-
PJKHBDOM_00705	DEG10650128	3	0.0	653.0	DEG1065	pta	Protein_ID: WP_000774291.1	-	-	phosphate acetyltransferase	Staphylococcus aureus subsp. aureus MRSA252	NC_002952	MHBII medium	locus_tag:SAR_RS03055	-	-
PJKHBDOM_00706	DEG10650214	2	0.0	575.0	DEG1065	-	Protein_ID: WP_000362355.1	-	-	lipoate--protein ligase family protein	Staphylococcus aureus subsp. aureus MRSA252	NC_002952	MHBII medium	locus_tag:SAR_RS03060	-	-
PJKHBDOM_00707	DEG10650056	1	0.0	623.0	DEG1065	mvk	Protein_ID: WP_000197032.1	-	-	mevalonate kinase	Staphylococcus aureus subsp. aureus MRSA252	NC_002952	MHBII medium	locus_tag:SAR_RS03065	-	-
PJKHBDOM_00708	DEG10650177	3	0.0	676.0	DEG1065	mvaD	Protein_ID: WP_000597340.1	-	-	diphosphomevalonate decarboxylase	Staphylococcus aureus subsp. aureus MRSA252	NC_002952	MHBII medium	locus_tag:SAR_RS03070	-	-
PJKHBDOM_00709	DEG10650072	0	0.0	743.0	DEG1065	-	Protein_ID: WP_000616885.1	-	-	phosphomevalonate kinase	Staphylococcus aureus subsp. aureus MRSA252	NC_002952	MHBII medium	locus_tag:SAR_RS03075	-	-
PJKHBDOM_00711	DEG10650274	282	3.33e-57	189.0	DEG1065	lpdA	Protein_ID: WP_000260117.1	-	-	dihydrolipoyl dehydrogenase	Staphylococcus aureus subsp. aureus MRSA252	NC_002952	MHBII medium	locus_tag:SAR_RS05455	-	-
PJKHBDOM_00733	DEG10650008	1	0.0	1135.0	DEG1065	-	Protein_ID: WP_001021140.1	-	-	arginine--tRNA ligase	Staphylococcus aureus subsp. aureus MRSA252	NC_002952	MHBII medium	locus_tag:SAR_RS03165	-	-
PJKHBDOM_00746	DEG10650294	85	1.36e-07	43.9	DEG1065	xerD	Protein_ID: WP_000447733.1	-	-	site-specific tyrosine recombinase XerD	Staphylococcus aureus subsp. aureus MRSA252	NC_002952	MHBII medium	locus_tag:SAR_RS08055	-	-
PJKHBDOM_00747	DEG10650244	473	3.2200000000000005e-160	479.0	DEG1065	-	Protein_ID: WP_000054599.1	-	-	Na+/H+ antiporter Mnh1 subunit A	Staphylococcus aureus subsp. aureus MRSA252	NC_002952	MHBII medium	locus_tag:SAR_RS04655	-	-
PJKHBDOM_00748	DEG10650254	85	8.9e-22	79.3	DEG1065	-	Protein_ID: WP_001081626.1	-	-	Na+/H+ antiporter Mnh1 subunit B	Staphylococcus aureus subsp. aureus MRSA252	NC_002952	MHBII medium	locus_tag:SAR_RS04650	-	-
PJKHBDOM_00749	DEG10650245	57	5.37e-29	95.9	DEG1065	-	Protein_ID: WP_000402803.1	-	-	Na+/H+ antiporter Mnh1 subunit C	Staphylococcus aureus subsp. aureus MRSA252	NC_002952	MHBII medium	locus_tag:SAR_RS04645	-	-
PJKHBDOM_00750	DEG10650235	326	7.34e-96	293.0	DEG1065	-	Protein_ID: WP_000573088.1	-	-	Na+/H+ antiporter Mnh1 subunit D	Staphylococcus aureus subsp. aureus MRSA252	NC_002952	MHBII medium	locus_tag:SAR_RS04640	-	-
PJKHBDOM_00752	DEG10650255	42	9.16e-07	37.4	DEG1065	-	Protein_ID: WP_001016306.1	-	-	Na+/H+ antiporter Mnh1 subunit F	Staphylococcus aureus subsp. aureus MRSA252	NC_002952	MHBII medium	locus_tag:SAR_RS04630	-	-
PJKHBDOM_00757	DEG10650262	136	3.55e-14	63.9	DEG1065	-	Protein_ID: WP_000389651.1	-	-	energy-coupling factor transporter ATPase	Staphylococcus aureus subsp. aureus MRSA252	NC_002952	MHBII medium	locus_tag:SAR_RS12055	-	-
PJKHBDOM_00761	DEG10650173	1	0.0	533.0	DEG1065	tagH	Protein_ID: WP_001103233.1	-	-	teichoic acids export ABC transporter ATP-binding subunit TagH	Staphylococcus aureus subsp. aureus MRSA252	NC_002952	MHBII medium	locus_tag:SAR_RS03320	-	-
PJKHBDOM_00762	DEG10650172	1	0.0	548.0	DEG1065	tagG	Protein_ID: WP_001273056.1	-	-	teichoic acids export ABC transporter permease subunit TagG	Staphylococcus aureus subsp. aureus MRSA252	NC_002952	MHBII medium	locus_tag:SAR_RS03325	-	-
PJKHBDOM_00763	DEG10650175	6	0.0	743.0	DEG1065	-	Protein_ID: WP_001101591.1	-	-	CDP-glycerol glycerophosphotransferase family protein	Staphylococcus aureus subsp. aureus MRSA252	NC_002952	MHBII medium	locus_tag:SAR_RS03330	-	-
PJKHBDOM_00765	DEG10650224	0	9.840000000000001e-97	268.0	DEG1065	tagD	Protein_ID: WP_000832260.1	-	-	glycerol-3-phosphate cytidylyltransferase	Staphylococcus aureus subsp. aureus MRSA252	NC_002952	MHBII medium	locus_tag:SAR_RS03340	-	-
PJKHBDOM_00767	DEG10650262	138	3.51e-30	113.0	DEG1065	-	Protein_ID: WP_000389651.1	-	-	energy-coupling factor transporter ATPase	Staphylococcus aureus subsp. aureus MRSA252	NC_002952	MHBII medium	locus_tag:SAR_RS12055	-	-
PJKHBDOM_00770	DEG10650262	130	7.48e-31	110.0	DEG1065	-	Protein_ID: WP_000389651.1	-	-	energy-coupling factor transporter ATPase	Staphylococcus aureus subsp. aureus MRSA252	NC_002952	MHBII medium	locus_tag:SAR_RS12055	-	-
PJKHBDOM_00776	DEG10650069	0	2.15e-123	338.0	DEG1065	-	Protein_ID: WP_001164085.1	-	-	hypothetical protein	Staphylococcus aureus subsp. aureus MRSA252	NC_002952	MHBII medium	locus_tag:SAR_RS03400	-	-
PJKHBDOM_00782	DEG10650195	149	8.77e-35	118.0	DEG1065	-	Protein_ID: WP_000101976.1	-	-	response regulator transcription factor	Staphylococcus aureus subsp. aureus MRSA252	NC_002952	MHBII medium	locus_tag:SAR_RS00100	-	-
PJKHBDOM_00783	DEG10650194	168	2.16e-07	45.8	DEG1065	walK	Protein_ID: WP_000871610.1	-	-	cell wall metabolism sensor histidine kinase WalK	Staphylococcus aureus subsp. aureus MRSA252	NC_002952	MHBII medium	locus_tag:SAR_RS00105	-	-
PJKHBDOM_00784	DEG10650262	140	6.86e-28	102.0	DEG1065	-	Protein_ID: WP_000389651.1	-	-	energy-coupling factor transporter ATPase	Staphylococcus aureus subsp. aureus MRSA252	NC_002952	MHBII medium	locus_tag:SAR_RS12055	-	-
PJKHBDOM_00807	DEG10650239	142	3.78e-20	84.3	DEG1065	-	Protein_ID: WP_000586768.1	-	-	energy-coupling factor transporter ATPase	Staphylococcus aureus subsp. aureus MRSA252	NC_002952	MHBII medium	locus_tag:SAR_RS12050	-	-
PJKHBDOM_00808	DEG10650262	137	2.61e-24	96.3	DEG1065	-	Protein_ID: WP_000389651.1	-	-	energy-coupling factor transporter ATPase	Staphylococcus aureus subsp. aureus MRSA252	NC_002952	MHBII medium	locus_tag:SAR_RS12055	-	-
PJKHBDOM_00829	DEG10650194	152	1.92e-26	103.0	DEG1065	walK	Protein_ID: WP_000871610.1	-	-	cell wall metabolism sensor histidine kinase WalK	Staphylococcus aureus subsp. aureus MRSA252	NC_002952	MHBII medium	locus_tag:SAR_RS00105	-	-
PJKHBDOM_00830	DEG10650195	133	2.3599999999999998e-48	153.0	DEG1065	-	Protein_ID: WP_000101976.1	-	-	response regulator transcription factor	Staphylococcus aureus subsp. aureus MRSA252	NC_002952	MHBII medium	locus_tag:SAR_RS00100	-	-
PJKHBDOM_00837	DEG10650242	109	9.61e-15	65.5	DEG1065	guaA	Protein_ID: WP_000424963.1	-	-	glutamine-hydrolyzing GMP synthase	Staphylococcus aureus subsp. aureus MRSA252	NC_002952	MHBII medium	locus_tag:SAR_RS02060	-	-
PJKHBDOM_00842	DEG10650234	0	0.0	1308.0	DEG1065	ltaS	Protein_ID: WP_000098285.1	-	-	polyglycerol-phosphate lipoteichoic acid synthase LtaS	Staphylococcus aureus subsp. aureus MRSA252	NC_002952	MHBII medium	locus_tag:SAR_RS03920	-	-
PJKHBDOM_00843	DEG10650262	130	9.47e-12	59.3	DEG1065	-	Protein_ID: WP_000389651.1	-	-	energy-coupling factor transporter ATPase	Staphylococcus aureus subsp. aureus MRSA252	NC_002952	MHBII medium	locus_tag:SAR_RS12055	-	-
PJKHBDOM_00843	DEG10650262	97	1.16e-07	47.0	DEG1065	-	Protein_ID: WP_000389651.1	-	-	energy-coupling factor transporter ATPase	Staphylococcus aureus subsp. aureus MRSA252	NC_002952	MHBII medium	locus_tag:SAR_RS12055	-	-
PJKHBDOM_00846	DEG10650262	136	2.27e-33	118.0	DEG1065	-	Protein_ID: WP_000389651.1	-	-	energy-coupling factor transporter ATPase	Staphylococcus aureus subsp. aureus MRSA252	NC_002952	MHBII medium	locus_tag:SAR_RS12055	-	-
PJKHBDOM_00850	DEG10650020	226	3.59e-19	80.1	DEG1065	-	Protein_ID: WP_001231458.1	-	-	diacylglycerol kinase	Staphylococcus aureus subsp. aureus MRSA252	NC_002952	MHBII medium	locus_tag:SAR_RS10385	-	-
PJKHBDOM_00855	DEG10650104	0	1.24e-97	270.0	DEG1065	nrdI	Protein_ID: WP_000692521.1	-	-	class Ib ribonucleoside-diphosphate reductase assembly flavoprotein NrdI	Staphylococcus aureus subsp. aureus MRSA252	NC_002952	MHBII medium	locus_tag:SAR_RS03985	-	-
PJKHBDOM_00856	DEG10650102	0	0.0	1452.0	DEG1065	nrdE	Protein_ID: WP_000855505.1	-	-	class 1b ribonucleoside-diphosphate reductase subunit alpha	Staphylococcus aureus subsp. aureus MRSA252	NC_002952	MHBII medium	locus_tag:SAR_RS03990	-	-
PJKHBDOM_00857	DEG10650103	0	0.0	667.0	DEG1065	nrdF	Protein_ID: WP_000562498.1	-	-	class 1b ribonucleoside-diphosphate reductase subunit beta	Staphylococcus aureus subsp. aureus MRSA252	NC_002952	MHBII medium	locus_tag:SAR_RS03995	-	-
PJKHBDOM_00860	DEG10650239	136	1.29e-22	87.8	DEG1065	-	Protein_ID: WP_000586768.1	-	-	energy-coupling factor transporter ATPase	Staphylococcus aureus subsp. aureus MRSA252	NC_002952	MHBII medium	locus_tag:SAR_RS12050	-	-
PJKHBDOM_00863	DEG10650093	2	0.0	625.0	DEG1065	-	Protein_ID: WP_000608444.1	-	-	UDP-N-acetylmuramate dehydrogenase	Staphylococcus aureus subsp. aureus MRSA252	NC_002952	MHBII medium	locus_tag:SAR_RS04030	-	-
PJKHBDOM_00872	DEG10650174	0	0.0	681.0	DEG1065	-	Protein_ID: WP_000258151.1	-	-	undecaprenyl/decaprenyl-phosphate alpha-N-acetylglucosaminyl 1-phosphate transferase	Staphylococcus aureus subsp. aureus MRSA252	NC_002952	MHBII medium	locus_tag:SAR_RS04075	-	-
PJKHBDOM_00875	DEG10650125	52	5.63e-07	44.7	DEG1065	priA	Protein_ID: WP_000560856.1	-	-	primosomal protein N'	Staphylococcus aureus subsp. aureus MRSA252	NC_002952	MHBII medium	locus_tag:SAR_RS06065	-	-
PJKHBDOM_00878	DEG10650163	2	0.0	1735.0	DEG1065	secA	Protein_ID: WP_000506536.1	-	-	preprotein translocase subunit SecA	Staphylococcus aureus subsp. aureus MRSA252	NC_002952	MHBII medium	locus_tag:SAR_RS04105	-	-
PJKHBDOM_00879	DEG10650124	2	0.0	690.0	DEG1065	-	Protein_ID: WP_010956597.1	-	-	peptide chain release factor 2	Staphylococcus aureus subsp. aureus MRSA252	NC_002952	MHBII medium	locus_tag:SAR_RS04115	-	-
PJKHBDOM_00883	DEG10650125	69	4.24e-06	43.1	DEG1065	priA	Protein_ID: WP_000560856.1	-	-	primosomal protein N'	Staphylococcus aureus subsp. aureus MRSA252	NC_002952	MHBII medium	locus_tag:SAR_RS06065	-	-
PJKHBDOM_00884	DEG10650239	85	8.35e-08	48.1	DEG1065	-	Protein_ID: WP_000586768.1	-	-	energy-coupling factor transporter ATPase	Staphylococcus aureus subsp. aureus MRSA252	NC_002952	MHBII medium	locus_tag:SAR_RS12050	-	-
PJKHBDOM_00884	DEG10650239	77	2.23e-07	47.0	DEG1065	-	Protein_ID: WP_000586768.1	-	-	energy-coupling factor transporter ATPase	Staphylococcus aureus subsp. aureus MRSA252	NC_002952	MHBII medium	locus_tag:SAR_RS12050	-	-
PJKHBDOM_00885	DEG10650210	0	0.0	621.0	DEG1065	-	Protein_ID: WP_000958224.1	-	-	HPr kinase/phosphorylase	Staphylococcus aureus subsp. aureus MRSA252	NC_002952	MHBII medium	locus_tag:SAR_RS04155	-	-
PJKHBDOM_00887	DEG10650061	26	8.02e-07	41.2	DEG1065	glmU	Protein_ID: WP_001252534.1	-	-	bifunctional UDP-N-acetylglucosamine diphosphorylase/glucosamine-1-phosphate N-acetyltransferase GlmU	Staphylococcus aureus subsp. aureus MRSA252	NC_002952	MHBII medium	locus_tag:SAR_RS02525	-	-
PJKHBDOM_00889	DEG10650186	1	0.0	631.0	DEG1065	trxB	Protein_ID: WP_000134960.1	-	-	thioredoxin-disulfide reductase	Staphylococcus aureus subsp. aureus MRSA252	NC_002952	MHBII medium	locus_tag:SAR_RS04175	-	-
PJKHBDOM_00894	DEG10650248	97	1.6e-13	60.8	DEG1065	-	Protein_ID: WP_000642728.1	-	-	Clp protease ClpP	Staphylococcus aureus subsp. aureus MRSA252	NC_002952	MHBII medium	locus_tag:SAR_RS10750	-	-
PJKHBDOM_00899	DEG10650057	0	0.0	689.0	DEG1065	gap	Protein_ID: WP_000279414.1	-	-	type I glyceraldehyde-3-phosphate dehydrogenase	Staphylococcus aureus subsp. aureus MRSA252	NC_002952	MHBII medium	locus_tag:SAR_RS04225	-	-
PJKHBDOM_00900	DEG10650112	0	0.0	786.0	DEG1065	-	Protein_ID: WP_001074749.1	-	-	phosphoglycerate kinase	Staphylococcus aureus subsp. aureus MRSA252	NC_002952	MHBII medium	locus_tag:SAR_RS04230	-	-
PJKHBDOM_00901	DEG10650183	0	0.0	519.0	DEG1065	-	Protein_ID: WP_001260089.1	-	-	triose-phosphate isomerase	Staphylococcus aureus subsp. aureus MRSA252	NC_002952	MHBII medium	locus_tag:SAR_RS04235	-	-
PJKHBDOM_00902	DEG10650250	1	0.0	1036.0	DEG1065	-	Protein_ID: WP_001085498.1	-	-	2,3-bisphosphoglycerate-independent phosphoglycerate mutase	Staphylococcus aureus subsp. aureus MRSA252	NC_002952	MHBII medium	locus_tag:SAR_RS04240	-	-
PJKHBDOM_00903	DEG10650037	0	0.0	881.0	DEG1065	eno	Protein_ID: WP_001121760.1	-	-	phosphopyruvate hydratase	Staphylococcus aureus subsp. aureus MRSA252	NC_002952	MHBII medium	locus_tag:SAR_RS04245	-	-
PJKHBDOM_00908	DEG10650167	0	8.1e-114	313.0	DEG1065	smpB	Protein_ID: WP_001085185.1	-	-	SsrA-binding protein SmpB	Staphylococcus aureus subsp. aureus MRSA252	NC_002952	MHBII medium	locus_tag:SAR_RS04270	-	-
PJKHBDOM_00936	DEG10650227	47	2.52e-06	37.0	DEG1065	trxA	Protein_ID: WP_001018928.1	-	-	thioredoxin	Staphylococcus aureus subsp. aureus MRSA252	NC_002952	MHBII medium	locus_tag:SAR_RS05710	-	-
PJKHBDOM_00943	DEG10650262	156	1.25e-36	127.0	DEG1065	-	Protein_ID: WP_000389651.1	-	-	energy-coupling factor transporter ATPase	Staphylococcus aureus subsp. aureus MRSA252	NC_002952	MHBII medium	locus_tag:SAR_RS12055	-	-
PJKHBDOM_00946	DEG10650294	109	1.42e-11	58.5	DEG1065	xerD	Protein_ID: WP_000447733.1	-	-	site-specific tyrosine recombinase XerD	Staphylococcus aureus subsp. aureus MRSA252	NC_002952	MHBII medium	locus_tag:SAR_RS08055	-	-
PJKHBDOM_00972	DEG10650171	0	0.0	514.0	DEG1065	sufC	Protein_ID: WP_000168845.1	-	-	Fe-S cluster assembly ATPase SufC	Staphylococcus aureus subsp. aureus MRSA252	NC_002952	MHBII medium	locus_tag:SAR_RS04455	-	-
PJKHBDOM_00973	DEG10650169	0	0.0	890.0	DEG1065	sufD	Protein_ID: WP_000205572.1	-	-	Fe-S cluster assembly protein SufD	Staphylococcus aureus subsp. aureus MRSA252	NC_002952	MHBII medium	locus_tag:SAR_RS04460	-	-
PJKHBDOM_00974	DEG10650017	1	0.0	856.0	DEG1065	-	Protein_ID: WP_001006454.1	-	-	cysteine desulfurase	Staphylococcus aureus subsp. aureus MRSA252	NC_002952	MHBII medium	locus_tag:SAR_RS04465	-	-
PJKHBDOM_00975	DEG10650291	0	3.03e-117	322.0	DEG1065	-	Protein_ID: WP_001010508.1	-	-	SUF system NifU family Fe-S cluster assembly protein	Staphylococcus aureus subsp. aureus MRSA252	NC_002952	MHBII medium	locus_tag:SAR_RS04470	-	-
PJKHBDOM_00976	DEG10650170	1	0.0	964.0	DEG1065	sufB	Protein_ID: WP_001074401.1	-	-	Fe-S cluster assembly protein SufB	Staphylococcus aureus subsp. aureus MRSA252	NC_002952	MHBII medium	locus_tag:SAR_RS04475	-	-
PJKHBDOM_01005	DEG10650255	0	1.6200000000000003e-64	184.0	DEG1065	-	Protein_ID: WP_001016306.1	-	-	Na+/H+ antiporter Mnh1 subunit F	Staphylococcus aureus subsp. aureus MRSA252	NC_002952	MHBII medium	locus_tag:SAR_RS04630	-	-
PJKHBDOM_01007	DEG10650235	4	0.0	957.0	DEG1065	-	Protein_ID: WP_000573088.1	-	-	Na+/H+ antiporter Mnh1 subunit D	Staphylococcus aureus subsp. aureus MRSA252	NC_002952	MHBII medium	locus_tag:SAR_RS04640	-	-
PJKHBDOM_01008	DEG10650245	0	2.11e-77	218.0	DEG1065	-	Protein_ID: WP_000402803.1	-	-	Na+/H+ antiporter Mnh1 subunit C	Staphylococcus aureus subsp. aureus MRSA252	NC_002952	MHBII medium	locus_tag:SAR_RS04645	-	-
PJKHBDOM_01009	DEG10650254	0	1.81e-100	278.0	DEG1065	-	Protein_ID: WP_001081626.1	-	-	Na+/H+ antiporter Mnh1 subunit B	Staphylococcus aureus subsp. aureus MRSA252	NC_002952	MHBII medium	locus_tag:SAR_RS04650	-	-
PJKHBDOM_01010	DEG10650244	3	0.0	1604.0	DEG1065	-	Protein_ID: WP_000054599.1	-	-	Na+/H+ antiporter Mnh1 subunit A	Staphylococcus aureus subsp. aureus MRSA252	NC_002952	MHBII medium	locus_tag:SAR_RS04655	-	-
PJKHBDOM_01022	DEG10650222	115	3.84e-28	98.2	DEG1065	lepB	Protein_ID: WP_000711897.1	-	-	signal peptidase I	Staphylococcus aureus subsp. aureus MRSA252	NC_002952	MHBII medium	locus_tag:SAR_RS04720	-	-
PJKHBDOM_01023	DEG10650222	3	3.02e-139	380.0	DEG1065	lepB	Protein_ID: WP_000711897.1	-	-	signal peptidase I	Staphylococcus aureus subsp. aureus MRSA252	NC_002952	MHBII medium	locus_tag:SAR_RS04720	-	-
PJKHBDOM_01024	DEG10650229	10	0.0	2380.0	DEG1065	addB	Protein_ID: WP_000172367.1	-	-	helicase-exonuclease AddAB subunit AddB	Staphylococcus aureus subsp. aureus MRSA252	NC_002952	MHBII medium	locus_tag:SAR_RS04725	-	-
PJKHBDOM_01025	DEG10650228	12	0.0	2476.0	DEG1065	addA	Protein_ID: WP_000154950.1	-	-	helicase-exonuclease AddAB subunit AddA	Staphylococcus aureus subsp. aureus MRSA252	NC_002952	MHBII medium	locus_tag:SAR_RS04730	-	-
PJKHBDOM_01028	DEG10650274	126	8.43e-11	57.0	DEG1065	lpdA	Protein_ID: WP_000260117.1	-	-	dihydrolipoyl dehydrogenase	Staphylococcus aureus subsp. aureus MRSA252	NC_002952	MHBII medium	locus_tag:SAR_RS05455	-	-
PJKHBDOM_01036	DEG10650199	137	6.21e-17	72.0	DEG1065	-	Protein_ID: WP_000379892.1	-	-	threonylcarbamoyl-AMP synthase	Staphylococcus aureus subsp. aureus MRSA252	NC_002952	MHBII medium	locus_tag:SAR_RS11490	-	-
PJKHBDOM_01041	DEG10650040	4	0.0	630.0	DEG1065	-	Protein_ID: WP_001100526.1	-	-	ketoacyl-ACP synthase III	Staphylococcus aureus subsp. aureus MRSA252	NC_002952	MHBII medium	locus_tag:SAR_RS04810	-	-
PJKHBDOM_01042	DEG10650203	1	0.0	845.0	DEG1065	fabF	Protein_ID: WP_000081181.1	-	-	beta-ketoacyl-ACP synthase II	Staphylococcus aureus subsp. aureus MRSA252	NC_002952	MHBII medium	locus_tag:SAR_RS04815	-	-
PJKHBDOM_01046	DEG10650239	151	2.4600000000000002e-29	108.0	DEG1065	-	Protein_ID: WP_000586768.1	-	-	energy-coupling factor transporter ATPase	Staphylococcus aureus subsp. aureus MRSA252	NC_002952	MHBII medium	locus_tag:SAR_RS12050	-	-
PJKHBDOM_01047	DEG10650262	130	2.7000000000000004e-32	115.0	DEG1065	-	Protein_ID: WP_000389651.1	-	-	energy-coupling factor transporter ATPase	Staphylococcus aureus subsp. aureus MRSA252	NC_002952	MHBII medium	locus_tag:SAR_RS12055	-	-
PJKHBDOM_01050	DEG10650239	146	1.29e-29	108.0	DEG1065	-	Protein_ID: WP_000586768.1	-	-	energy-coupling factor transporter ATPase	Staphylococcus aureus subsp. aureus MRSA252	NC_002952	MHBII medium	locus_tag:SAR_RS12050	-	-
PJKHBDOM_01051	DEG10650262	131	1.51e-34	121.0	DEG1065	-	Protein_ID: WP_000389651.1	-	-	energy-coupling factor transporter ATPase	Staphylococcus aureus subsp. aureus MRSA252	NC_002952	MHBII medium	locus_tag:SAR_RS12055	-	-
PJKHBDOM_01054	DEG10650185	1	0.0	676.0	DEG1065	trpS	Protein_ID: WP_000448933.1	-	-	tryptophan--tRNA ligase	Staphylococcus aureus subsp. aureus MRSA252	NC_002952	MHBII medium	locus_tag:SAR_RS04900	-	-
PJKHBDOM_01065	DEG10650101	0	0.0	562.0	DEG1065	-	Protein_ID: WP_001270834.1	-	-	NAD kinase	Staphylococcus aureus subsp. aureus MRSA252	NC_002952	MHBII medium	locus_tag:SAR_RS04950	-	-
PJKHBDOM_01069	DEG10650041	0	0.0	518.0	DEG1065	fabI	Protein_ID: WP_000933195.1	-	-	enoyl-ACP reductase FabI	Staphylococcus aureus subsp. aureus MRSA252	NC_002952	MHBII medium	locus_tag:SAR_RS04970	-	-
PJKHBDOM_01075	DEG10650215	169	9.52e-08	47.0	DEG1065	-	Protein_ID: WP_000160914.1	-	-	undecaprenyldiphospho-muramoylpentapeptide beta-N-acetylglucosaminyltransferase	Staphylococcus aureus subsp. aureus MRSA252	NC_002952	MHBII medium	locus_tag:SAR_RS07300	-	-
PJKHBDOM_01076	DEG10650096	5	0.0	1005.0	DEG1065	-	Protein_ID: WP_000340133.1	-	-	UDP-N-acetylmuramoyl-L-alanyl-D-glutamate--L- lysine ligase	Staphylococcus aureus subsp. aureus MRSA252	NC_002952	MHBII medium	locus_tag:SAR_RS05015	-	-
PJKHBDOM_01078	DEG10650055	289	5.6e-58	198.0	DEG1065	fusA	Protein_ID: WP_000090315.1	-	-	elongation factor G	Staphylococcus aureus subsp. aureus MRSA252	NC_002952	MHBII medium	locus_tag:SAR_RS02860	-	-
PJKHBDOM_01093	DEG10650239	130	2.1699999999999998e-23	89.0	DEG1065	-	Protein_ID: WP_000586768.1	-	-	energy-coupling factor transporter ATPase	Staphylococcus aureus subsp. aureus MRSA252	NC_002952	MHBII medium	locus_tag:SAR_RS12050	-	-
PJKHBDOM_01102	DEG10650088	2	0.0	625.0	DEG1065	-	Protein_ID: WP_000070967.1	-	-	1,4-dihydroxy-2-naphthoate polyprenyltransferase	Staphylococcus aureus subsp. aureus MRSA252	NC_002952	MHBII medium	locus_tag:SAR_RS05155	-	-
PJKHBDOM_01113	DEG10650246	128	3.31e-53	182.0	DEG1065	-	Protein_ID: WP_001032833.1	-	-	N-acetylglucosaminidase	Staphylococcus aureus subsp. aureus MRSA252	NC_002952	MHBII medium	locus_tag:SAR_RS09530	-	-
PJKHBDOM_01131	DEG10650060	218	6.22e-14	67.4	DEG1065	glmS	Protein_ID: WP_000334466.1	-	-	glutamine--fructose-6-phosphate transaminase (isomerizing)	Staphylococcus aureus subsp. aureus MRSA252	NC_002952	MHBII medium	locus_tag:SAR_RS11680	-	-
PJKHBDOM_01133	DEG10650204	87	3.04e-16	68.9	DEG1065	-	Protein_ID: WP_000161291.1	-	-	methionyl-tRNA formyltransferase	Staphylococcus aureus subsp. aureus MRSA252	NC_002952	MHBII medium	locus_tag:SAR_RS06085	-	-
PJKHBDOM_01136	DEG10650263	158	2.6e-11	56.2	DEG1065	-	Protein_ID: WP_000791607.1	-	-	energy-coupling factor transporter transmembrane protein EcfT	Staphylococcus aureus subsp. aureus MRSA252	NC_002952	MHBII medium	locus_tag:SAR_RS12045	-	-
PJKHBDOM_01137	DEG10650239	134	4.72e-20	84.0	DEG1065	-	Protein_ID: WP_000586768.1	-	-	energy-coupling factor transporter ATPase	Staphylococcus aureus subsp. aureus MRSA252	NC_002952	MHBII medium	locus_tag:SAR_RS12050	-	-
PJKHBDOM_01137	DEG10650239	179	2.55e-13	63.9	DEG1065	-	Protein_ID: WP_000586768.1	-	-	energy-coupling factor transporter ATPase	Staphylococcus aureus subsp. aureus MRSA252	NC_002952	MHBII medium	locus_tag:SAR_RS12050	-	-
PJKHBDOM_01149	DEG10650136	0	0.0	1152.0	DEG1065	-	Protein_ID: WP_000811375.1	-	-	ribonuclease J	Staphylococcus aureus subsp. aureus MRSA252	NC_002952	MHBII medium	locus_tag:SAR_RS05415	-	-
PJKHBDOM_01150	DEG10650268	0	3.38e-50	146.0	DEG1065	-	Protein_ID: WP_000257888.1	-	-	DNA-dependent RNA polymerase auxiliary subunit epsilon family protein	Staphylococcus aureus subsp. aureus MRSA252	NC_002952	MHBII medium	locus_tag:SAR_RS05420	-	-
PJKHBDOM_01151	DEG10650022	1	5.039999999999999e-137	374.0	DEG1065	-	Protein_ID: WP_000957036.1	-	-	peptide deformylase	Staphylococcus aureus subsp. aureus MRSA252	NC_002952	MHBII medium	locus_tag:SAR_RS05430	-	-
PJKHBDOM_01153	DEG10650201	189	2.42e-64	202.0	DEG1065	-	Protein_ID: WP_000568358.1	-	-	thiamine pyrophosphate-dependent dehydrogenase E1 component subunit alpha	Staphylococcus aureus subsp. aureus MRSA252	NC_002952	MHBII medium	locus_tag:SAR_RS08170	-	-
PJKHBDOM_01154	DEG10650238	167	3.9600000000000005e-110	317.0	DEG1065	-	Protein_ID: WP_001096631.1	-	-	alpha-ketoacid dehydrogenase subunit beta	Staphylococcus aureus subsp. aureus MRSA252	NC_002952	MHBII medium	locus_tag:SAR_RS08165	-	-
PJKHBDOM_01155	DEG10650216	251	9.46e-85	260.0	DEG1065	-	Protein_ID: WP_000406855.1	-	-	2-oxo acid dehydrogenase subunit E2	Staphylococcus aureus subsp. aureus MRSA252	NC_002952	MHBII medium	locus_tag:SAR_RS08160	-	-
PJKHBDOM_01156	DEG10650274	0	0.0	939.0	DEG1065	lpdA	Protein_ID: WP_000260117.1	-	-	dihydrolipoyl dehydrogenase	Staphylococcus aureus subsp. aureus MRSA252	NC_002952	MHBII medium	locus_tag:SAR_RS05455	-	-
PJKHBDOM_01159	DEG10650262	140	2.2100000000000002e-35	124.0	DEG1065	-	Protein_ID: WP_000389651.1	-	-	energy-coupling factor transporter ATPase	Staphylococcus aureus subsp. aureus MRSA252	NC_002952	MHBII medium	locus_tag:SAR_RS12055	-	-
PJKHBDOM_01169	DEG10650055	90	6.03e-26	106.0	DEG1065	fusA	Protein_ID: WP_000090315.1	-	-	elongation factor G	Staphylococcus aureus subsp. aureus MRSA252	NC_002952	MHBII medium	locus_tag:SAR_RS02860	-	-
PJKHBDOM_01169	DEG10650055	148	2.27e-14	69.7	DEG1065	fusA	Protein_ID: WP_000090315.1	-	-	elongation factor G	Staphylococcus aureus subsp. aureus MRSA252	NC_002952	MHBII medium	locus_tag:SAR_RS02860	-	-
PJKHBDOM_01169	DEG10650055	57	4.88e-06	42.7	DEG1065	fusA	Protein_ID: WP_000090315.1	-	-	elongation factor G	Staphylococcus aureus subsp. aureus MRSA252	NC_002952	MHBII medium	locus_tag:SAR_RS02860	-	-
PJKHBDOM_01172	DEG10650052	0	0.0	801.0	DEG1065	-	Protein_ID: WP_000787940.1	-	-	cell division protein FtsW	Staphylococcus aureus subsp. aureus MRSA252	NC_002952	MHBII medium	locus_tag:SAR_RS05540	-	-
PJKHBDOM_01173	DEG10650013	234	6.56e-132	404.0	DEG1065	accC	Protein_ID: WP_000756612.1	-	-	acetyl-CoA carboxylase biotin carboxylase subunit	Staphylococcus aureus subsp. aureus MRSA252	NC_002952	MHBII medium	locus_tag:SAR_RS08215	-	-
PJKHBDOM_01183	DEG10650230	0	2.04e-120	330.0	DEG1065	coaD	Protein_ID: WP_000401377.1	-	-	pantetheine-phosphate adenylyltransferase	Staphylococcus aureus subsp. aureus MRSA252	NC_002952	MHBII medium	locus_tag:SAR_RS05600	-	-
PJKHBDOM_01196	DEG10650114	1	0.0	731.0	DEG1065	pheS	Protein_ID: WP_000003566.1	-	-	phenylalanine--tRNA ligase subunit alpha	Staphylococcus aureus subsp. aureus MRSA252	NC_002952	MHBII medium	locus_tag:SAR_RS05675	-	-
PJKHBDOM_01197	DEG10650115	10	0.0	1618.0	DEG1065	-	Protein_ID: WP_000908974.1	-	-	phenylalanine--tRNA ligase subunit beta	Staphylococcus aureus subsp. aureus MRSA252	NC_002952	MHBII medium	locus_tag:SAR_RS05680	-	-
PJKHBDOM_01204	DEG10650227	0	8.83e-75	210.0	DEG1065	trxA	Protein_ID: WP_001018928.1	-	-	thioredoxin	Staphylococcus aureus subsp. aureus MRSA252	NC_002952	MHBII medium	locus_tag:SAR_RS05710	-	-
PJKHBDOM_01242	DEG10650266	0	1.49e-95	265.0	DEG1065	ftsL	Protein_ID: WP_000257598.1	-	-	cell division protein FtsL	Staphylococcus aureus subsp. aureus MRSA252	NC_002952	MHBII medium	locus_tag:SAR_RS05905	-	-
PJKHBDOM_01243	DEG10650110	1	0.0	1449.0	DEG1065	-	Protein_ID: WP_001118652.1	-	-	penicillin-binding protein	Staphylococcus aureus subsp. aureus MRSA252	NC_002952	MHBII medium	locus_tag:SAR_RS05910	-	-
PJKHBDOM_01244	DEG10650092	0	0.0	625.0	DEG1065	-	Protein_ID: WP_000578458.1	-	-	phospho-N-acetylmuramoyl-pentapeptide- transferase	Staphylococcus aureus subsp. aureus MRSA252	NC_002952	MHBII medium	locus_tag:SAR_RS05915	-	-
PJKHBDOM_01245	DEG10650095	1	0.0	919.0	DEG1065	-	Protein_ID: WP_000935984.1	-	-	UDP-N-acetylmuramoyl-L-alanine--D-glutamate ligase	Staphylococcus aureus subsp. aureus MRSA252	NC_002952	MHBII medium	locus_tag:SAR_RS05920	-	-
PJKHBDOM_01246	DEG10650025	14	0.0	855.0	DEG1065	-	Protein_ID: WP_000342188.1	-	-	FtsQ-type POTRA domain-containing protein	Staphylococcus aureus subsp. aureus MRSA252	NC_002952	MHBII medium	locus_tag:SAR_RS05925	-	-
PJKHBDOM_01247	DEG10650051	2	0.0	931.0	DEG1065	ftsA	Protein_ID: WP_000391030.1	-	-	cell division protein FtsA	Staphylococcus aureus subsp. aureus MRSA252	NC_002952	MHBII medium	locus_tag:SAR_RS05930	-	-
PJKHBDOM_01248	DEG10650054	0	0.0	779.0	DEG1065	ftsZ	Protein_ID: WP_000888997.1	-	-	cell division protein FtsZ	Staphylococcus aureus subsp. aureus MRSA252	NC_002952	MHBII medium	locus_tag:SAR_RS05935	-	-
PJKHBDOM_01256	DEG10650081	2	0.0	1903.0	DEG1065	ileS	Protein_ID: WP_000384706.1	-	-	isoleucine--tRNA ligase	Staphylococcus aureus subsp. aureus MRSA252	NC_002952	MHBII medium	locus_tag:SAR_RS05970	-	-
PJKHBDOM_01266	DEG10650013	150	7.95e-11	58.9	DEG1065	accC	Protein_ID: WP_000756612.1	-	-	acetyl-CoA carboxylase biotin carboxylase subunit	Staphylococcus aureus subsp. aureus MRSA252	NC_002952	MHBII medium	locus_tag:SAR_RS08215	-	-
PJKHBDOM_01268	DEG10650275	1	1.76e-150	410.0	DEG1065	-	Protein_ID: WP_001040248.1	-	-	orotate phosphoribosyltransferase	Staphylococcus aureus subsp. aureus MRSA252	NC_002952	MHBII medium	locus_tag:SAR_RS06030	-	-
PJKHBDOM_01272	DEG10650065	1	1.5e-154	420.0	DEG1065	gmk	Protein_ID: WP_000368225.1	-	-	guanylate kinase	Staphylococcus aureus subsp. aureus MRSA252	NC_002952	MHBII medium	locus_tag:SAR_RS06050	-	-
PJKHBDOM_01274	DEG10650014	0	0.0	824.0	DEG1065	coaBC	Protein_ID: WP_000722165.1	-	-	bifunctional phosphopantothenoylcysteine decarboxylase/phosphopantothenate--cysteine ligase CoaBC	Staphylococcus aureus subsp. aureus MRSA252	NC_002952	MHBII medium	locus_tag:SAR_RS06060	-	-
PJKHBDOM_01275	DEG10650125	4	0.0	1653.0	DEG1065	priA	Protein_ID: WP_000560856.1	-	-	primosomal protein N'	Staphylococcus aureus subsp. aureus MRSA252	NC_002952	MHBII medium	locus_tag:SAR_RS06065	-	-
PJKHBDOM_01279	DEG10650022	101	1.17e-11	53.9	DEG1065	-	Protein_ID: WP_000957036.1	-	-	peptide deformylase	Staphylococcus aureus subsp. aureus MRSA252	NC_002952	MHBII medium	locus_tag:SAR_RS05430	-	-
PJKHBDOM_01280	DEG10650204	1	0.0	630.0	DEG1065	-	Protein_ID: WP_000161291.1	-	-	methionyl-tRNA formyltransferase	Staphylococcus aureus subsp. aureus MRSA252	NC_002952	MHBII medium	locus_tag:SAR_RS06085	-	-
PJKHBDOM_01285	DEG10650221	4	0.0	592.0	DEG1065	rsgA	Protein_ID: WP_000847923.1	-	-	ribosome small subunit-dependent GTPase A	Staphylococcus aureus subsp. aureus MRSA252	NC_002952	MHBII medium	locus_tag:SAR_RS06110	-	-
PJKHBDOM_01286	DEG10650138	0	7.54e-161	437.0	DEG1065	-	Protein_ID: WP_000164332.1	-	-	ribulose-phosphate 3-epimerase	Staphylococcus aureus subsp. aureus MRSA252	NC_002952	MHBII medium	locus_tag:SAR_RS06115	-	-
PJKHBDOM_01287	DEG10650237	0	8.69e-161	437.0	DEG1065	-	Protein_ID: WP_000547905.1	-	-	thiamine diphosphokinase	Staphylococcus aureus subsp. aureus MRSA252	NC_002952	MHBII medium	locus_tag:SAR_RS06120	-	-
PJKHBDOM_01291	DEG10650125	126	1.54e-07	47.8	DEG1065	priA	Protein_ID: WP_000560856.1	-	-	primosomal protein N'	Staphylococcus aureus subsp. aureus MRSA252	NC_002952	MHBII medium	locus_tag:SAR_RS06065	-	-
PJKHBDOM_01293	DEG10650117	2	0.0	661.0	DEG1065	plsX	Protein_ID: WP_000239746.1	-	-	phosphate acyltransferase PlsX	Staphylococcus aureus subsp. aureus MRSA252	NC_002952	MHBII medium	locus_tag:SAR_RS06150	-	-
PJKHBDOM_01294	DEG10650038	3	0.0	625.0	DEG1065	fabD	Protein_ID: WP_000047355.1	-	-	ACP S-malonyltransferase	Staphylococcus aureus subsp. aureus MRSA252	NC_002952	MHBII medium	locus_tag:SAR_RS06155	-	-
PJKHBDOM_01295	DEG10650039	0	0.0	494.0	DEG1065	fabG	Protein_ID: WP_000167269.1	-	-	3-oxoacyl-[acyl-carrier-protein] reductase	Staphylococcus aureus subsp. aureus MRSA252	NC_002952	MHBII medium	locus_tag:SAR_RS06160	-	-
PJKHBDOM_01296	DEG10650004	0	3.78e-50	146.0	DEG1065	-	Protein_ID: WP_000426914.1	-	-	acyl carrier protein	Staphylococcus aureus subsp. aureus MRSA252	NC_002952	MHBII medium	locus_tag:SAR_RS06170	-	-
PJKHBDOM_01298	DEG10650258	14	0.0	2373.0	DEG1065	smc	Protein_ID: WP_000262717.1	-	-	chromosome segregation protein SMC	Staphylococcus aureus subsp. aureus MRSA252	NC_002952	MHBII medium	locus_tag:SAR_RS06180	-	-
PJKHBDOM_01299	DEG10650053	4	0.0	841.0	DEG1065	ftsY	Protein_ID: WP_000007675.1	-	-	signal recognition particle-docking protein FtsY	Staphylococcus aureus subsp. aureus MRSA252	NC_002952	MHBII medium	locus_tag:SAR_RS06185	-	-
PJKHBDOM_01301	DEG10650044	1	0.0	914.0	DEG1065	ffh	Protein_ID: WP_000863474.1	-	-	signal recognition particle protein	Staphylococcus aureus subsp. aureus MRSA252	NC_002952	MHBII medium	locus_tag:SAR_RS06195	-	-
PJKHBDOM_01302	DEG10650220	0	5.160000000000001e-66	187.0	DEG1065	rpsP	Protein_ID: WP_000268754.1	-	-	30S ribosomal protein S16	Staphylococcus aureus subsp. aureus MRSA252	NC_002952	MHBII medium	locus_tag:SAR_RS06200	-	-
PJKHBDOM_01303	DEG10650276	1	6.6e-122	335.0	DEG1065	rimM	Protein_ID: WP_001261982.1	-	-	ribosome maturation factor RimM	Staphylococcus aureus subsp. aureus MRSA252	NC_002952	MHBII medium	locus_tag:SAR_RS06205	-	-
PJKHBDOM_01304	DEG10650184	1	0.0	510.0	DEG1065	trmD	Protein_ID: WP_000687323.1	-	-	tRNA (guanosine(37)-N1)-methyltransferase TrmD	Staphylococcus aureus subsp. aureus MRSA252	NC_002952	MHBII medium	locus_tag:SAR_RS06210	-	-
PJKHBDOM_01307	DEG10650133	2	0.0	594.0	DEG1065	ylqF	Protein_ID: WP_000236718.1	-	-	ribosome biogenesis GTPase YlqF	Staphylococcus aureus subsp. aureus MRSA252	NC_002952	MHBII medium	locus_tag:SAR_RS06230	-	-
PJKHBDOM_01312	DEG10650042	156	7.159999999999999e-48	159.0	DEG1065	femB	Protein_ID: WP_000673098.1	-	-	glycine glycyltransferase FemB	Staphylococcus aureus subsp. aureus MRSA252	NC_002952	MHBII medium	locus_tag:SAR_RS07085	-	-
PJKHBDOM_01313	DEG10650042	66	9.78e-34	115.0	DEG1065	femB	Protein_ID: WP_000673098.1	-	-	glycine glycyltransferase FemB	Staphylococcus aureus subsp. aureus MRSA252	NC_002952	MHBII medium	locus_tag:SAR_RS07085	-	-
PJKHBDOM_01315	DEG10650259	2	0.0	1428.0	DEG1065	topA	Protein_ID: WP_001557331.1	-	-	type I DNA topoisomerase	Staphylococcus aureus subsp. aureus MRSA252	NC_002952	MHBII medium	locus_tag:SAR_RS06265	-	-
PJKHBDOM_01317	DEG10650294	190	2.61e-60	188.0	DEG1065	xerD	Protein_ID: WP_000447733.1	-	-	site-specific tyrosine recombinase XerD	Staphylococcus aureus subsp. aureus MRSA252	NC_002952	MHBII medium	locus_tag:SAR_RS08055	-	-
PJKHBDOM_01319	DEG10650202	65	6.83e-25	100.0	DEG1065	clpX	Protein_ID: WP_000472293.1	-	-	ATP-dependent Clp protease ATP-binding subunit ClpX	Staphylococcus aureus subsp. aureus MRSA252	NC_002952	MHBII medium	locus_tag:SAR_RS08960	-	-
PJKHBDOM_01319	DEG10650202	99	1.4699999999999999e-24	99.0	DEG1065	clpX	Protein_ID: WP_000472293.1	-	-	ATP-dependent Clp protease ATP-binding subunit ClpX	Staphylococcus aureus subsp. aureus MRSA252	NC_002952	MHBII medium	locus_tag:SAR_RS08960	-	-
PJKHBDOM_01321	DEG10650154	1	0.0	518.0	DEG1065	rpsB	Protein_ID: WP_000268484.1	-	-	30S ribosomal protein S2	Staphylococcus aureus subsp. aureus MRSA252	NC_002952	MHBII medium	locus_tag:SAR_RS06300	-	-
PJKHBDOM_01322	DEG10650189	0	0.0	589.0	DEG1065	-	Protein_ID: WP_000201387.1	-	-	elongation factor Ts	Staphylococcus aureus subsp. aureus MRSA252	NC_002952	MHBII medium	locus_tag:SAR_RS06310	-	-
PJKHBDOM_01323	DEG10650132	0	0.0	493.0	DEG1065	-	Protein_ID: WP_000057330.1	-	-	UMP kinase	Staphylococcus aureus subsp. aureus MRSA252	NC_002952	MHBII medium	locus_tag:SAR_RS06315	-	-
PJKHBDOM_01324	DEG10650050	1	1.68e-131	360.0	DEG1065	frr	Protein_ID: WP_001280006.1	-	-	ribosome recycling factor	Staphylococcus aureus subsp. aureus MRSA252	NC_002952	MHBII medium	locus_tag:SAR_RS06320	-	-
PJKHBDOM_01325	DEG10650192	1	0.0	526.0	DEG1065	-	Protein_ID: WP_000473705.1	-	-	isoprenyl transferase	Staphylococcus aureus subsp. aureus MRSA252	NC_002952	MHBII medium	locus_tag:SAR_RS06325	-	-
PJKHBDOM_01326	DEG10650012	0	0.0	513.0	DEG1065	-	Protein_ID: WP_000868413.1	-	-	phosphatidate cytidylyltransferase	Staphylococcus aureus subsp. aureus MRSA252	NC_002952	MHBII medium	locus_tag:SAR_RS06330	-	-
PJKHBDOM_01328	DEG10650126	3	0.0	1163.0	DEG1065	-	Protein_ID: WP_000814087.1	-	-	proline--tRNA ligase	Staphylococcus aureus subsp. aureus MRSA252	NC_002952	MHBII medium	locus_tag:SAR_RS06340	-	-
PJKHBDOM_01329	DEG10650120	3	0.0	2971.0	DEG1065	-	Protein_ID: WP_000139497.1	-	-	PolC-type DNA polymerase III	Staphylococcus aureus subsp. aureus MRSA252	NC_002952	MHBII medium	locus_tag:SAR_RS06345	-	-
PJKHBDOM_01331	DEG10650106	1	0.0	776.0	DEG1065	nusA	Protein_ID: WP_000097463.1	-	-	transcription termination/antitermination protein NusA	Staphylococcus aureus subsp. aureus MRSA252	NC_002952	MHBII medium	locus_tag:SAR_RS06355	-	-
PJKHBDOM_01332	DEG10650206	0	9.230000000000001e-66	187.0	DEG1065	-	Protein_ID: WP_000727423.1	-	-	YlxR family protein	Staphylococcus aureus subsp. aureus MRSA252	NC_002952	MHBII medium	locus_tag:SAR_RS06360	-	-
PJKHBDOM_01334	DEG10650082	3	0.0	1424.0	DEG1065	infB	Protein_ID: WP_000043642.1	-	-	translation initiation factor IF-2	Staphylococcus aureus subsp. aureus MRSA252	NC_002952	MHBII medium	locus_tag:SAR_RS06370	-	-
PJKHBDOM_01337	DEG10650135	1	0.0	660.0	DEG1065	ribF	Protein_ID: WP_000864182.1	-	-	riboflavin biosynthesis protein RibF	Staphylococcus aureus subsp. aureus MRSA252	NC_002952	MHBII medium	locus_tag:SAR_RS06385	-	-
PJKHBDOM_01340	DEG10650256	2	0.0	1130.0	DEG1065	-	Protein_ID: WP_000052599.1	-	-	ribonuclease J	Staphylococcus aureus subsp. aureus MRSA252	NC_002952	MHBII medium	locus_tag:SAR_RS06400	-	-
PJKHBDOM_01344	DEG10650039	161	3.78e-26	101.0	DEG1065	fabG	Protein_ID: WP_000167269.1	-	-	3-oxoacyl-[acyl-carrier-protein] reductase	Staphylococcus aureus subsp. aureus MRSA252	NC_002952	MHBII medium	locus_tag:SAR_RS06160	-	-
PJKHBDOM_01347	DEG10650113	0	3.43e-135	370.0	DEG1065	pgsA	Protein_ID: WP_001025093.1	-	-	CDP-diacylglycerol--glycerol-3-phosphate 3-phosphatidyltransferase	Staphylococcus aureus subsp. aureus MRSA252	NC_002952	MHBII medium	locus_tag:SAR_RS06440	-	-
PJKHBDOM_01370	DEG10650107	110	5.7e-06	41.6	DEG1065	obgE	Protein_ID: WP_000496098.1	-	-	GTPase ObgE	Staphylococcus aureus subsp. aureus MRSA252	NC_002952	MHBII medium	locus_tag:SAR_RS08810	-	-
PJKHBDOM_01373	DEG10650062	1	0.0	929.0	DEG1065	glnA	Protein_ID: WP_001126604.1	-	-	type I glutamate--ammonia ligase	Staphylococcus aureus subsp. aureus MRSA252	NC_002952	MHBII medium	locus_tag:SAR_RS06565	-	-
PJKHBDOM_01395	DEG10650262	138	1.9e-18	77.0	DEG1065	-	Protein_ID: WP_000389651.1	-	-	energy-coupling factor transporter ATPase	Staphylococcus aureus subsp. aureus MRSA252	NC_002952	MHBII medium	locus_tag:SAR_RS12055	-	-
PJKHBDOM_01398	DEG10650195	54	1.78e-08	46.6	DEG1065	-	Protein_ID: WP_000101976.1	-	-	response regulator transcription factor	Staphylococcus aureus subsp. aureus MRSA252	NC_002952	MHBII medium	locus_tag:SAR_RS00100	-	-
PJKHBDOM_01412	DEG10650290	14	1.32e-15	59.3	DEG1065	-	Protein_ID: WP_001140799.1	-	-	type Z 30S ribosomal protein S14	Staphylococcus aureus subsp. aureus MRSA252	NC_002952	MHBII medium	locus_tag:SAR_RS12140	-	-
PJKHBDOM_01415	DEG10650272	0	4.76e-154	419.0	DEG1065	lexA	Protein_ID: WP_001208760.1	-	-	transcriptional repressor LexA	Staphylococcus aureus subsp. aureus MRSA252	NC_002952	MHBII medium	locus_tag:SAR_RS06885	-	-
PJKHBDOM_01418	DEG10650181	3	0.0	1350.0	DEG1065	tkt	Protein_ID: WP_000481454.1	-	-	transketolase	Staphylococcus aureus subsp. aureus MRSA252	NC_002952	MHBII medium	locus_tag:SAR_RS06900	-	-
PJKHBDOM_01419	DEG10650271	0	8.859999999999999e-55	159.0	DEG1065	-	Protein_ID: WP_000246909.1	-	-	YneF family protein	Staphylococcus aureus subsp. aureus MRSA252	NC_002952	MHBII medium	locus_tag:SAR_RS06905	-	-
PJKHBDOM_01421	DEG10650257	7	0.0	749.0	DEG1065	-	Protein_ID: WP_000691309.1	-	-	exonuclease SbcCD subunit D	Staphylococcus aureus subsp. aureus MRSA252	NC_002952	MHBII medium	locus_tag:SAR_RS06920	-	-
PJKHBDOM_01428	DEG10650118	1	2.28e-142	389.0	DEG1065	plsY	Protein_ID: WP_000972779.1	-	-	glycerol-3-phosphate 1-O-acyltransferase PlsY	Staphylococcus aureus subsp. aureus MRSA252	NC_002952	MHBII medium	locus_tag:SAR_RS06965	-	-
PJKHBDOM_01429	DEG10650109	3	0.0	1347.0	DEG1065	parE	Protein_ID: WP_041202518.1	-	-	DNA topoisomerase IV subunit B	Staphylococcus aureus subsp. aureus MRSA252	NC_002952	MHBII medium	locus_tag:SAR_RS06970	-	-
PJKHBDOM_01430	DEG10650108	3	0.0	1621.0	DEG1065	parC	Protein_ID: WP_001289553.1	-	-	DNA topoisomerase IV subunit A	Staphylococcus aureus subsp. aureus MRSA252	NC_002952	MHBII medium	locus_tag:SAR_RS06975	-	-
PJKHBDOM_01443	DEG10650242	94	2.26e-13	61.2	DEG1065	guaA	Protein_ID: WP_000424963.1	-	-	glutamine-hydrolyzing GMP synthase	Staphylococcus aureus subsp. aureus MRSA252	NC_002952	MHBII medium	locus_tag:SAR_RS02060	-	-
PJKHBDOM_01449	DEG10650042	242	3.82e-104	310.0	DEG1065	femB	Protein_ID: WP_000673098.1	-	-	glycine glycyltransferase FemB	Staphylococcus aureus subsp. aureus MRSA252	NC_002952	MHBII medium	locus_tag:SAR_RS07085	-	-
PJKHBDOM_01450	DEG10650042	0	0.0	862.0	DEG1065	femB	Protein_ID: WP_000673098.1	-	-	glycine glycyltransferase FemB	Staphylococcus aureus subsp. aureus MRSA252	NC_002952	MHBII medium	locus_tag:SAR_RS07085	-	-
PJKHBDOM_01453	DEG10650239	161	6.299999999999999e-23	88.2	DEG1065	-	Protein_ID: WP_000586768.1	-	-	energy-coupling factor transporter ATPase	Staphylococcus aureus subsp. aureus MRSA252	NC_002952	MHBII medium	locus_tag:SAR_RS12050	-	-
PJKHBDOM_01454	DEG10650239	126	1.8e-24	93.2	DEG1065	-	Protein_ID: WP_000586768.1	-	-	energy-coupling factor transporter ATPase	Staphylococcus aureus subsp. aureus MRSA252	NC_002952	MHBII medium	locus_tag:SAR_RS12050	-	-
PJKHBDOM_01460	DEG10650262	105	4.13e-28	103.0	DEG1065	-	Protein_ID: WP_000389651.1	-	-	energy-coupling factor transporter ATPase	Staphylococcus aureus subsp. aureus MRSA252	NC_002952	MHBII medium	locus_tag:SAR_RS12055	-	-
PJKHBDOM_01466	DEG10650239	132	8.02e-14	65.5	DEG1065	-	Protein_ID: WP_000586768.1	-	-	energy-coupling factor transporter ATPase	Staphylococcus aureus subsp. aureus MRSA252	NC_002952	MHBII medium	locus_tag:SAR_RS12050	-	-
PJKHBDOM_01471	DEG10650018	70	1.29e-10	53.1	DEG1065	cysE	Protein_ID: WP_001805237.1	-	-	serine O-acetyltransferase	Staphylococcus aureus subsp. aureus MRSA252	NC_002952	MHBII medium	locus_tag:SAR_RS02770	-	-
PJKHBDOM_01488	DEG10650216	247	1.31e-64	207.0	DEG1065	-	Protein_ID: WP_000406855.1	-	-	2-oxo acid dehydrogenase subunit E2	Staphylococcus aureus subsp. aureus MRSA252	NC_002952	MHBII medium	locus_tag:SAR_RS08160	-	-
PJKHBDOM_01490	DEG10650194	138	7.149999999999999e-34	127.0	DEG1065	walK	Protein_ID: WP_000871610.1	-	-	cell wall metabolism sensor histidine kinase WalK	Staphylococcus aureus subsp. aureus MRSA252	NC_002952	MHBII medium	locus_tag:SAR_RS00105	-	-
PJKHBDOM_01490	DEG10650194	62	4.02e-06	42.4	DEG1065	walK	Protein_ID: WP_000871610.1	-	-	cell wall metabolism sensor histidine kinase WalK	Staphylococcus aureus subsp. aureus MRSA252	NC_002952	MHBII medium	locus_tag:SAR_RS00105	-	-
PJKHBDOM_01491	DEG10650195	123	9.08e-56	171.0	DEG1065	-	Protein_ID: WP_000101976.1	-	-	response regulator transcription factor	Staphylococcus aureus subsp. aureus MRSA252	NC_002952	MHBII medium	locus_tag:SAR_RS00100	-	-
PJKHBDOM_01495	DEG10650215	3	0.0	712.0	DEG1065	-	Protein_ID: WP_000160914.1	-	-	undecaprenyldiphospho-muramoylpentapeptide beta-N-acetylglucosaminyltransferase	Staphylococcus aureus subsp. aureus MRSA252	NC_002952	MHBII medium	locus_tag:SAR_RS07300	-	-
PJKHBDOM_01503	DEG10650205	0	1.5900000000000001e-118	325.0	DEG1065	-	Protein_ID: WP_000175746.1	-	-	dihydrofolate reductase	Staphylococcus aureus subsp. aureus MRSA252	NC_002952	MHBII medium	locus_tag:SAR_RS07350	-	-
PJKHBDOM_01504	DEG10650179	0	0.0	667.0	DEG1065	-	Protein_ID: WP_000934885.1	-	-	thymidylate synthase	Staphylococcus aureus subsp. aureus MRSA252	NC_002952	MHBII medium	locus_tag:SAR_RS07355	-	-
PJKHBDOM_01525	DEG10650121	4	0.0	1468.0	DEG1065	-	Protein_ID: WP_000138334.1	-	-	penicillin-binding protein	Staphylococcus aureus subsp. aureus MRSA252	NC_002952	MHBII medium	locus_tag:SAR_RS07470	-	-
PJKHBDOM_01528	DEG10650030	2	3.21e-169	459.0	DEG1065	-	Protein_ID: WP_000362222.1	-	-	DnaD domain-containing protein	Staphylococcus aureus subsp. aureus MRSA252	NC_002952	MHBII medium	locus_tag:SAR_RS07485	-	-
PJKHBDOM_01529	DEG10650009	163	7.05e-24	97.8	DEG1065	aspS	Protein_ID: WP_000044796.1	-	-	aspartate--tRNA ligase	Staphylococcus aureus subsp. aureus MRSA252	NC_002952	MHBII medium	locus_tag:SAR_RS08740	-	-
PJKHBDOM_01529	DEG10650009	47	2.18e-09	52.8	DEG1065	aspS	Protein_ID: WP_000044796.1	-	-	aspartate--tRNA ligase	Staphylococcus aureus subsp. aureus MRSA252	NC_002952	MHBII medium	locus_tag:SAR_RS08740	-	-
PJKHBDOM_01530	DEG10650120	112	3.1600000000000003e-21	93.2	DEG1065	-	Protein_ID: WP_000139497.1	-	-	PolC-type DNA polymerase III	Staphylococcus aureus subsp. aureus MRSA252	NC_002952	MHBII medium	locus_tag:SAR_RS06345	-	-
PJKHBDOM_01531	DEG10650010	4	0.0	655.0	DEG1065	-	Protein_ID: WP_000049917.1	-	-	biotin--[acetyl-CoA-carboxylase] ligase	Staphylococcus aureus subsp. aureus MRSA252	NC_002952	MHBII medium	locus_tag:SAR_RS07500	-	-
PJKHBDOM_01532	DEG10650011	5	0.0	813.0	DEG1065	-	Protein_ID: WP_000361536.1	-	-	CCA tRNA nucleotidyltransferase	Staphylococcus aureus subsp. aureus MRSA252	NC_002952	MHBII medium	locus_tag:SAR_RS07505	-	-
PJKHBDOM_01535	DEG10650071	0	1.0299999999999999e-168	458.0	DEG1065	-	Protein_ID: WP_001827022.1	-	-	zinc metallopeptidase	Staphylococcus aureus subsp. aureus MRSA252	NC_002952	MHBII medium	locus_tag:SAR_RS07520	-	-
PJKHBDOM_01544	DEG10650079	2	0.0	634.0	DEG1065	-	Protein_ID: WP_001096481.1	-	-	polyprenyl synthetase family protein	Staphylococcus aureus subsp. aureus MRSA252	NC_002952	MHBII medium	locus_tag:SAR_RS07560	-	-
PJKHBDOM_01547	DEG10650211	0	2.33e-62	178.0	DEG1065	-	Protein_ID: WP_001043863.1	-	-	HU family DNA-binding protein	Staphylococcus aureus subsp. aureus MRSA252	NC_002952	MHBII medium	locus_tag:SAR_RS07580	-	-
PJKHBDOM_01548	DEG10650240	5	0.0	674.0	DEG1065	-	Protein_ID: WP_000161753.1	-	-	NAD(P)H-dependent glycerol-3-phosphate dehydrogenase	Staphylococcus aureus subsp. aureus MRSA252	NC_002952	MHBII medium	locus_tag:SAR_RS07585	-	-
PJKHBDOM_01549	DEG10650023	0	0.0	887.0	DEG1065	der	Protein_ID: WP_000165530.1	-	-	ribosome biogenesis GTPase Der	Staphylococcus aureus subsp. aureus MRSA252	NC_002952	MHBII medium	locus_tag:SAR_RS07590	-	-
PJKHBDOM_01551	DEG10650261	1	1.75e-162	441.0	DEG1065	-	Protein_ID: WP_000644393.1	-	-	(d)CMP kinase	Staphylococcus aureus subsp. aureus MRSA252	NC_002952	MHBII medium	locus_tag:SAR_RS07615	-	-
PJKHBDOM_01587	DEG10650248	93	1.45e-18	76.3	DEG1065	-	Protein_ID: WP_000642728.1	-	-	Clp protease ClpP	Staphylococcus aureus subsp. aureus MRSA252	NC_002952	MHBII medium	locus_tag:SAR_RS10750	-	-
PJKHBDOM_01630	DEG10650294	131	3.84e-13	63.2	DEG1065	xerD	Protein_ID: WP_000447733.1	-	-	site-specific tyrosine recombinase XerD	Staphylococcus aureus subsp. aureus MRSA252	NC_002952	MHBII medium	locus_tag:SAR_RS08055	-	-
PJKHBDOM_01633	DEG10650194	385	7.339999999999999e-69	228.0	DEG1065	walK	Protein_ID: WP_000871610.1	-	-	cell wall metabolism sensor histidine kinase WalK	Staphylococcus aureus subsp. aureus MRSA252	NC_002952	MHBII medium	locus_tag:SAR_RS00105	-	-
PJKHBDOM_01634	DEG10650195	133	5.09e-57	176.0	DEG1065	-	Protein_ID: WP_000101976.1	-	-	response regulator transcription factor	Staphylococcus aureus subsp. aureus MRSA252	NC_002952	MHBII medium	locus_tag:SAR_RS00100	-	-
PJKHBDOM_01639	DEG10650294	0	0.0	610.0	DEG1065	xerD	Protein_ID: WP_000447733.1	-	-	site-specific tyrosine recombinase XerD	Staphylococcus aureus subsp. aureus MRSA252	NC_002952	MHBII medium	locus_tag:SAR_RS08055	-	-
PJKHBDOM_01646	DEG10650137	1	0.0	633.0	DEG1065	rnz	Protein_ID: WP_000454059.1	-	-	ribonuclease Z	Staphylococcus aureus subsp. aureus MRSA252	NC_002952	MHBII medium	locus_tag:SAR_RS08090	-	-
PJKHBDOM_01648	DEG10650200	0	0.0	1027.0	DEG1065	-	Protein_ID: WP_000105070.1	-	-	glucose-6-phosphate dehydrogenase	Staphylococcus aureus subsp. aureus MRSA252	NC_002952	MHBII medium	locus_tag:SAR_RS08095	-	-
PJKHBDOM_01653	DEG10650066	0	0.0	966.0	DEG1065	gndA	Protein_ID: WP_000193707.1	-	-	NADP-dependent phosphogluconate dehydrogenase	Staphylococcus aureus subsp. aureus MRSA252	NC_002952	MHBII medium	locus_tag:SAR_RS08135	-	-
PJKHBDOM_01657	DEG10650216	11	0.0	854.0	DEG1065	-	Protein_ID: WP_000406855.1	-	-	2-oxo acid dehydrogenase subunit E2	Staphylococcus aureus subsp. aureus MRSA252	NC_002952	MHBII medium	locus_tag:SAR_RS08160	-	-
PJKHBDOM_01658	DEG10650238	2	0.0	671.0	DEG1065	-	Protein_ID: WP_001096631.1	-	-	alpha-ketoacid dehydrogenase subunit beta	Staphylococcus aureus subsp. aureus MRSA252	NC_002952	MHBII medium	locus_tag:SAR_RS08165	-	-
PJKHBDOM_01659	DEG10650201	2	0.0	678.0	DEG1065	-	Protein_ID: WP_000568358.1	-	-	thiamine pyrophosphate-dependent dehydrogenase E1 component subunit alpha	Staphylococcus aureus subsp. aureus MRSA252	NC_002952	MHBII medium	locus_tag:SAR_RS08170	-	-
PJKHBDOM_01660	DEG10650241	3	0.0	956.0	DEG1065	lpdA	Protein_ID: WP_001291542.1	-	-	dihydrolipoyl dehydrogenase	Staphylococcus aureus subsp. aureus MRSA252	NC_002952	MHBII medium	locus_tag:SAR_RS08175	-	-
PJKHBDOM_01661	DEG10650258	73	8.68e-09	51.6	DEG1065	smc	Protein_ID: WP_000262717.1	-	-	chromosome segregation protein SMC	Staphylococcus aureus subsp. aureus MRSA252	NC_002952	MHBII medium	locus_tag:SAR_RS06180	-	-
PJKHBDOM_01663	DEG10650079	146	1.1300000000000001e-32	116.0	DEG1065	-	Protein_ID: WP_001096481.1	-	-	polyprenyl synthetase family protein	Staphylococcus aureus subsp. aureus MRSA252	NC_002952	MHBII medium	locus_tag:SAR_RS07560	-	-
PJKHBDOM_01665	DEG10650260	0	0.0	915.0	DEG1065	-	Protein_ID: WP_001286928.1	-	-	exodeoxyribonuclease VII large subunit	Staphylococcus aureus subsp. aureus MRSA252	NC_002952	MHBII medium	locus_tag:SAR_RS08200	-	-
PJKHBDOM_01668	DEG10650013	1	0.0	928.0	DEG1065	accC	Protein_ID: WP_000756612.1	-	-	acetyl-CoA carboxylase biotin carboxylase subunit	Staphylococcus aureus subsp. aureus MRSA252	NC_002952	MHBII medium	locus_tag:SAR_RS08215	-	-
PJKHBDOM_01669	DEG10650002	3	7.160000000000001e-110	303.0	DEG1065	accB	Protein_ID: WP_001009513.1	-	-	acetyl-CoA carboxylase biotin carboxyl carrier protein	Staphylococcus aureus subsp. aureus MRSA252	NC_002952	MHBII medium	locus_tag:SAR_RS08220	-	-
PJKHBDOM_01671	DEG10650087	119	1.73e-14	66.2	DEG1065	map	Protein_ID: WP_000636142.1	-	-	type I methionyl aminopeptidase	Staphylococcus aureus subsp. aureus MRSA252	NC_002952	MHBII medium	locus_tag:SAR_RS10325	-	-
PJKHBDOM_01676	DEG10650017	79	1.71e-06	43.5	DEG1065	-	Protein_ID: WP_001006454.1	-	-	cysteine desulfurase	Staphylococcus aureus subsp. aureus MRSA252	NC_002952	MHBII medium	locus_tag:SAR_RS04465	-	-
PJKHBDOM_01693	DEG10650110	264	4.05e-12	62.8	DEG1065	-	Protein_ID: WP_001118652.1	-	-	penicillin-binding protein	Staphylococcus aureus subsp. aureus MRSA252	NC_002952	MHBII medium	locus_tag:SAR_RS05910	-	-
PJKHBDOM_01693	DEG10650110	64	2.76e-07	47.0	DEG1065	-	Protein_ID: WP_001118652.1	-	-	penicillin-binding protein	Staphylococcus aureus subsp. aureus MRSA252	NC_002952	MHBII medium	locus_tag:SAR_RS05910	-	-
PJKHBDOM_01697	DEG10650262	157	1.36e-23	90.5	DEG1065	-	Protein_ID: WP_000389651.1	-	-	energy-coupling factor transporter ATPase	Staphylococcus aureus subsp. aureus MRSA252	NC_002952	MHBII medium	locus_tag:SAR_RS12055	-	-
PJKHBDOM_01701	DEG10650226	3	2.2200000000000002e-166	452.0	DEG1065	-	Protein_ID: WP_000624581.1	-	-	tRNA (adenine-N(1))-methyltransferase	Staphylococcus aureus subsp. aureus MRSA252	NC_002952	MHBII medium	locus_tag:SAR_RS08385	-	-
PJKHBDOM_01702	DEG10650166	0	0.0	741.0	DEG1065	rpoD	Protein_ID: WP_001283055.1	-	-	RNA polymerase sigma factor RpoD	Staphylococcus aureus subsp. aureus MRSA252	NC_002952	MHBII medium	locus_tag:SAR_RS08390	-	-
PJKHBDOM_01703	DEG10650032	3	0.0	1229.0	DEG1065	-	Protein_ID: WP_001217253.1	-	-	DNA primase	Staphylococcus aureus subsp. aureus MRSA252	NC_002952	MHBII medium	locus_tag:SAR_RS08395	-	-
PJKHBDOM_01706	DEG10650064	0	0.0	965.0	DEG1065	-	Protein_ID: WP_001030080.1	-	-	glycine--tRNA ligase	Staphylococcus aureus subsp. aureus MRSA252	NC_002952	MHBII medium	locus_tag:SAR_RS08410	-	-
PJKHBDOM_01708	DEG10650023	100	1.02e-21	88.2	DEG1065	der	Protein_ID: WP_000165530.1	-	-	ribosome biogenesis GTPase Der	Staphylococcus aureus subsp. aureus MRSA252	NC_002952	MHBII medium	locus_tag:SAR_RS07590	-	-
PJKHBDOM_01708	DEG10650023	94	1.61e-14	67.0	DEG1065	der	Protein_ID: WP_000165530.1	-	-	ribosome biogenesis GTPase Der	Staphylococcus aureus subsp. aureus MRSA252	NC_002952	MHBII medium	locus_tag:SAR_RS07590	-	-
PJKHBDOM_01711	DEG10650196	1	3.05e-114	314.0	DEG1065	ybeY	Protein_ID: WP_000494130.1	-	-	rRNA maturation RNase YbeY	Staphylococcus aureus subsp. aureus MRSA252	NC_002952	MHBII medium	locus_tag:SAR_RS08435	-	-
PJKHBDOM_01725	DEG10650055	102	2.62e-20	88.6	DEG1065	fusA	Protein_ID: WP_000090315.1	-	-	elongation factor G	Staphylococcus aureus subsp. aureus MRSA252	NC_002952	MHBII medium	locus_tag:SAR_RS02860	-	-
PJKHBDOM_01725	DEG10650055	157	3.72e-14	68.9	DEG1065	fusA	Protein_ID: WP_000090315.1	-	-	elongation factor G	Staphylococcus aureus subsp. aureus MRSA252	NC_002952	MHBII medium	locus_tag:SAR_RS02860	-	-
PJKHBDOM_01725	DEG10650055	117	4.57e-08	49.3	DEG1065	fusA	Protein_ID: WP_000090315.1	-	-	elongation factor G	Staphylococcus aureus subsp. aureus MRSA252	NC_002952	MHBII medium	locus_tag:SAR_RS02860	-	-
PJKHBDOM_01727	DEG10650073	1	0.0	650.0	DEG1065	holA	Protein_ID: WP_001282570.1	-	-	DNA polymerase III subunit delta	Staphylococcus aureus subsp. aureus MRSA252	NC_002952	MHBII medium	locus_tag:SAR_RS08515	-	-
PJKHBDOM_01734	DEG10650099	4	7.72e-142	387.0	DEG1065	nadD	Protein_ID: WP_000822938.1	-	-	nicotinate (nicotinamide) nucleotide adenylyltransferase	Staphylococcus aureus subsp. aureus MRSA252	NC_002952	MHBII medium	locus_tag:SAR_RS08550	-	-
PJKHBDOM_01735	DEG10650295	1	3.38e-68	193.0	DEG1065	yhbY	Protein_ID: WP_000955232.1	-	-	ribosome assembly RNA-binding protein YhbY	Staphylococcus aureus subsp. aureus MRSA252	NC_002952	MHBII medium	locus_tag:SAR_RS08555	-	-
PJKHBDOM_01737	DEG10650024	6	0.0	731.0	DEG1065	yqeH	Protein_ID: WP_001280134.1	-	-	ribosome biogenesis GTPase YqeH	Staphylococcus aureus subsp. aureus MRSA252	NC_002952	MHBII medium	locus_tag:SAR_RS08565	-	-
PJKHBDOM_01738	DEG10650067	0	2.28e-130	357.0	DEG1065	-	Protein_ID: WP_000524902.1	-	-	YqeG family HAD IIIA-type phosphatase	Staphylococcus aureus subsp. aureus MRSA252	NC_002952	MHBII medium	locus_tag:SAR_RS08570	-	-
PJKHBDOM_01748	DEG10650013	230	1.7e-147	422.0	DEG1065	accC	Protein_ID: WP_000756612.1	-	-	acetyl-CoA carboxylase biotin carboxylase subunit	Staphylococcus aureus subsp. aureus MRSA252	NC_002952	MHBII medium	locus_tag:SAR_RS08215	-	-
PJKHBDOM_01749	DEG10650002	63	1.44e-17	68.9	DEG1065	accB	Protein_ID: WP_001009513.1	-	-	acetyl-CoA carboxylase biotin carboxyl carrier protein	Staphylococcus aureus subsp. aureus MRSA252	NC_002952	MHBII medium	locus_tag:SAR_RS08220	-	-
PJKHBDOM_01752	DEG10650232	0	2.49e-115	317.0	DEG1065	greA	Protein_ID: WP_000431312.1	-	-	transcription elongation factor GreA	Staphylococcus aureus subsp. aureus MRSA252	NC_002952	MHBII medium	locus_tag:SAR_RS08640	-	-
PJKHBDOM_01760	DEG10650007	3	0.0	1806.0	DEG1065	alaS	Protein_ID: WP_000734077.1	-	-	alanine--tRNA ligase	Staphylococcus aureus subsp. aureus MRSA252	NC_002952	MHBII medium	locus_tag:SAR_RS08680	-	-
PJKHBDOM_01763	DEG10650091	0	0.0	773.0	DEG1065	mnmA	Protein_ID: WP_000066097.1	-	-	tRNA 2-thiouridine(34) synthase MnmA	Staphylococcus aureus subsp. aureus MRSA252	NC_002952	MHBII medium	locus_tag:SAR_RS08695	-	-
PJKHBDOM_01764	DEG10650083	0	0.0	702.0	DEG1065	-	Protein_ID: WP_000409167.1	-	-	cysteine desulfurase	Staphylococcus aureus subsp. aureus MRSA252	NC_002952	MHBII medium	locus_tag:SAR_RS08700	-	-
PJKHBDOM_01765	DEG10650083	1	8.92e-25	87.0	DEG1065	-	Protein_ID: WP_000409167.1	-	-	cysteine desulfurase	Staphylococcus aureus subsp. aureus MRSA252	NC_002952	MHBII medium	locus_tag:SAR_RS08700	-	-
PJKHBDOM_01770	DEG10650035	170	2.59e-12	62.0	DEG1065	dnaX	Protein_ID: WP_001109044.1	-	-	DNA polymerase III subunit gamma/tau	Staphylococcus aureus subsp. aureus MRSA252	NC_002952	MHBII medium	locus_tag:SAR_RS02380	-	-
PJKHBDOM_01772	DEG10650009	1	0.0	1205.0	DEG1065	aspS	Protein_ID: WP_000044796.1	-	-	aspartate--tRNA ligase	Staphylococcus aureus subsp. aureus MRSA252	NC_002952	MHBII medium	locus_tag:SAR_RS08740	-	-
PJKHBDOM_01773	DEG10650080	0	0.0	870.0	DEG1065	-	Protein_ID: WP_000590826.1	-	-	histidine--tRNA ligase	Staphylococcus aureus subsp. aureus MRSA252	NC_002952	MHBII medium	locus_tag:SAR_RS08745	-	-
PJKHBDOM_01776	DEG10650134	0	0.0	1506.0	DEG1065	-	Protein_ID: WP_001058583.1	-	-	bifunctional (p)ppGpp synthetase/guanosine-3',5'-bis(diphosphate) 3'-pyrophosphohydrolase	Staphylococcus aureus subsp. aureus MRSA252	NC_002952	MHBII medium	locus_tag:SAR_RS08760	-	-
PJKHBDOM_01786	DEG10650107	1	0.0	865.0	DEG1065	obgE	Protein_ID: WP_000496098.1	-	-	GTPase ObgE	Staphylococcus aureus subsp. aureus MRSA252	NC_002952	MHBII medium	locus_tag:SAR_RS08810	-	-
PJKHBDOM_01787	DEG10650218	0	1.3e-65	186.0	DEG1065	rpmA	Protein_ID: WP_000916187.1	-	-	50S ribosomal protein L27	Staphylococcus aureus subsp. aureus MRSA252	NC_002952	MHBII medium	locus_tag:SAR_RS08815	-	-
PJKHBDOM_01788	DEG10650070	0	1.24e-76	215.0	DEG1065	-	Protein_ID: WP_000633692.1	-	-	ribosomal-processing cysteine protease Prp	Staphylococcus aureus subsp. aureus MRSA252	NC_002952	MHBII medium	locus_tag:SAR_RS08820	-	-
PJKHBDOM_01789	DEG10650284	1	2.0000000000000002e-71	202.0	DEG1065	rplU	Protein_ID: WP_000457386.1	-	-	50S ribosomal protein L21	Staphylococcus aureus subsp. aureus MRSA252	NC_002952	MHBII medium	locus_tag:SAR_RS08825	-	-
PJKHBDOM_01799	DEG10650294	174	1.4e-10	56.2	DEG1065	xerD	Protein_ID: WP_000447733.1	-	-	site-specific tyrosine recombinase XerD	Staphylococcus aureus subsp. aureus MRSA252	NC_002952	MHBII medium	locus_tag:SAR_RS08055	-	-
PJKHBDOM_01800	DEG10650294	204	3.23e-15	68.9	DEG1065	xerD	Protein_ID: WP_000447733.1	-	-	site-specific tyrosine recombinase XerD	Staphylococcus aureus subsp. aureus MRSA252	NC_002952	MHBII medium	locus_tag:SAR_RS08055	-	-
PJKHBDOM_01803	DEG10650049	2	0.0	857.0	DEG1065	-	Protein_ID: WP_001108339.1	-	-	bifunctional folylpolyglutamate synthase/dihydrofolate synthase	Staphylococcus aureus subsp. aureus MRSA252	NC_002952	MHBII medium	locus_tag:SAR_RS08900	-	-
PJKHBDOM_01804	DEG10650193	5	0.0	1798.0	DEG1065	-	Protein_ID: WP_000425362.1	-	-	valine--tRNA ligase	Staphylococcus aureus subsp. aureus MRSA252	NC_002952	MHBII medium	locus_tag:SAR_RS08905	-	-
PJKHBDOM_01808	DEG10650209	0	0.0	670.0	DEG1065	hemB	Protein_ID: WP_000667126.1	-	-	porphobilinogen synthase	Staphylococcus aureus subsp. aureus MRSA252	NC_002952	MHBII medium	locus_tag:SAR_RS08930	-	-
PJKHBDOM_01809	DEG10650208	3	1.04e-165	450.0	DEG1065	-	Protein_ID: WP_000805946.1	-	-	uroporphyrinogen-III synthase	Staphylococcus aureus subsp. aureus MRSA252	NC_002952	MHBII medium	locus_tag:SAR_RS08935	-	-
PJKHBDOM_01810	DEG10650078	2	0.0	626.0	DEG1065	hemC	Protein_ID: WP_001230225.1	-	-	hydroxymethylbilane synthase	Staphylococcus aureus subsp. aureus MRSA252	NC_002952	MHBII medium	locus_tag:SAR_RS08940	-	-
PJKHBDOM_01812	DEG10650077	3	0.0	907.0	DEG1065	-	Protein_ID: WP_000545454.1	-	-	glutamyl-tRNA reductase	Staphylococcus aureus subsp. aureus MRSA252	NC_002952	MHBII medium	locus_tag:SAR_RS08950	-	-
PJKHBDOM_01813	DEG10650264	1	4.8199999999999997e-147	400.0	DEG1065	-	Protein_ID: WP_000867694.1	-	-	YihA family ribosome biogenesis GTP-binding protein	Staphylococcus aureus subsp. aureus MRSA252	NC_002952	MHBII medium	locus_tag:SAR_RS08955	-	-
PJKHBDOM_01814	DEG10650202	1	0.0	846.0	DEG1065	clpX	Protein_ID: WP_000472293.1	-	-	ATP-dependent Clp protease ATP-binding subunit ClpX	Staphylococcus aureus subsp. aureus MRSA252	NC_002952	MHBII medium	locus_tag:SAR_RS08960	-	-
PJKHBDOM_01818	DEG10650147	0	1.87e-85	238.0	DEG1065	rplT	Protein_ID: WP_001138360.1	-	-	50S ribosomal protein L20	Staphylococcus aureus subsp. aureus MRSA252	NC_002952	MHBII medium	locus_tag:SAR_RS08990	-	-
PJKHBDOM_01820	DEG10650213	2	2.42e-127	349.0	DEG1065	infC	Protein_ID: WP_001791219.1	-	-	translation initiation factor IF-3	Staphylococcus aureus subsp. aureus MRSA252	NC_002952	MHBII medium	locus_tag:SAR_RS09000	-	-
PJKHBDOM_01822	DEG10650178	0	0.0	1340.0	DEG1065	thrS	Protein_ID: WP_000435132.1	-	-	threonine--tRNA ligase	Staphylococcus aureus subsp. aureus MRSA252	NC_002952	MHBII medium	locus_tag:SAR_RS09010	-	-
PJKHBDOM_01823	DEG10650033	0	0.0	638.0	DEG1065	dnaI	Protein_ID: WP_000808621.1	-	-	primosomal protein DnaI	Staphylococcus aureus subsp. aureus MRSA252	NC_002952	MHBII medium	locus_tag:SAR_RS09020	-	-
PJKHBDOM_01824	DEG10650028	6	0.0	952.0	DEG1065	-	Protein_ID: WP_000533488.1	-	-	DnaD domain protein	Staphylococcus aureus subsp. aureus MRSA252	NC_002952	MHBII medium	locus_tag:SAR_RS09025	-	-
PJKHBDOM_01826	DEG10650057	168	1.34e-93	276.0	DEG1065	gap	Protein_ID: WP_000279414.1	-	-	type I glyceraldehyde-3-phosphate dehydrogenase	Staphylococcus aureus subsp. aureus MRSA252	NC_002952	MHBII medium	locus_tag:SAR_RS04225	-	-
PJKHBDOM_01827	DEG10650015	1	1.7799999999999999e-152	415.0	DEG1065	-	Protein_ID: WP_001127168.1	-	-	dephospho-CoA kinase	Staphylococcus aureus subsp. aureus MRSA252	NC_002952	MHBII medium	locus_tag:SAR_RS09040	-	-
PJKHBDOM_01831	DEG10650194	265	5.0400000000000004e-59	200.0	DEG1065	walK	Protein_ID: WP_000871610.1	-	-	cell wall metabolism sensor histidine kinase WalK	Staphylococcus aureus subsp. aureus MRSA252	NC_002952	MHBII medium	locus_tag:SAR_RS00105	-	-
PJKHBDOM_01832	DEG10650195	108	9.21e-84	243.0	DEG1065	-	Protein_ID: WP_000101976.1	-	-	response regulator transcription factor	Staphylococcus aureus subsp. aureus MRSA252	NC_002952	MHBII medium	locus_tag:SAR_RS00100	-	-
PJKHBDOM_01838	DEG10650130	3	0.0	1172.0	DEG1065	pyk	Protein_ID: WP_001232655.1	-	-	pyruvate kinase	Staphylococcus aureus subsp. aureus MRSA252	NC_002952	MHBII medium	locus_tag:SAR_RS09090	-	-
PJKHBDOM_01839	DEG10650111	1	0.0	652.0	DEG1065	pfkA	Protein_ID: WP_000717560.1	-	-	6-phosphofructokinase	Staphylococcus aureus subsp. aureus MRSA252	NC_002952	MHBII medium	locus_tag:SAR_RS09095	-	-
PJKHBDOM_01840	DEG10650001	1	0.0	638.0	DEG1065	-	Protein_ID: WP_000883646.1	-	-	acetyl-CoA carboxylase carboxyltransferase subunit alpha	Staphylococcus aureus subsp. aureus MRSA252	NC_002952	MHBII medium	locus_tag:SAR_RS09100	-	-
PJKHBDOM_01841	DEG10650003	0	0.0	593.0	DEG1065	-	Protein_ID: WP_000471571.1	-	-	acetyl-CoA carboxylase carboxyltransferase subunit beta	Staphylococcus aureus subsp. aureus MRSA252	NC_002952	MHBII medium	locus_tag:SAR_RS09105	-	-
PJKHBDOM_01843	DEG10650031	34	0.0	2126.0	DEG1065	-	Protein_ID: WP_000226930.1	-	-	DNA polymerase III subunit alpha	Staphylococcus aureus subsp. aureus MRSA252	NC_002952	MHBII medium	locus_tag:SAR_RS09115	-	-
PJKHBDOM_01844	DEG10650249	213	3.85e-13	63.5	DEG1065	gdpP	Protein_ID: WP_001081642.1	-	-	cyclic-di-AMP phosphodiesterase GdpP	Staphylococcus aureus subsp. aureus MRSA252	NC_002952	MHBII medium	locus_tag:SAR_RS00070	-	-
PJKHBDOM_01848	DEG10650087	136	3.77e-12	59.3	DEG1065	map	Protein_ID: WP_000636142.1	-	-	type I methionyl aminopeptidase	Staphylococcus aureus subsp. aureus MRSA252	NC_002952	MHBII medium	locus_tag:SAR_RS10325	-	-
PJKHBDOM_01856	DEG10650083	211	2.1400000000000002e-70	220.0	DEG1065	-	Protein_ID: WP_000409167.1	-	-	cysteine desulfurase	Staphylococcus aureus subsp. aureus MRSA252	NC_002952	MHBII medium	locus_tag:SAR_RS08700	-	-
PJKHBDOM_01859	DEG10650286	2	2.2e-149	407.0	DEG1065	rpsD	Protein_ID: WP_000090514.1	-	-	30S ribosomal protein S4	Staphylococcus aureus subsp. aureus MRSA252	NC_002952	MHBII medium	locus_tag:SAR_RS09205	-	-
PJKHBDOM_01866	DEG10650116	1	1.92e-153	417.0	DEG1065	-	Protein_ID: WP_000287585.1	-	-	1-acyl-sn-glycerol-3-phosphate acyltransferase	Staphylococcus aureus subsp. aureus MRSA252	NC_002952	MHBII medium	locus_tag:SAR_RS09250	-	-
PJKHBDOM_01868	DEG10650191	0	0.0	866.0	DEG1065	-	Protein_ID: WP_000186029.1	-	-	tyrosine--tRNA ligase	Staphylococcus aureus subsp. aureus MRSA252	NC_002952	MHBII medium	locus_tag:SAR_RS09260	-	-
PJKHBDOM_01869	DEG10650121	110	1.52e-26	103.0	DEG1065	-	Protein_ID: WP_000138334.1	-	-	penicillin-binding protein	Staphylococcus aureus subsp. aureus MRSA252	NC_002952	MHBII medium	locus_tag:SAR_RS07470	-	-
PJKHBDOM_01878	DEG10650267	0	1.1999999999999999e-119	328.0	DEG1065	-	Protein_ID: WP_000383814.1	-	-	DUF948 domain-containing protein	Staphylococcus aureus subsp. aureus MRSA252	NC_002952	MHBII medium	locus_tag:SAR_RS09330	-	-
PJKHBDOM_01879	DEG10650094	2	0.0	897.0	DEG1065	-	Protein_ID: WP_000150173.1	-	-	UDP-N-acetylmuramate--L-alanine ligase	Staphylococcus aureus subsp. aureus MRSA252	NC_002952	MHBII medium	locus_tag:SAR_RS09335	-	-
PJKHBDOM_01881	DEG10650115	62	1.5999999999999998e-30	111.0	DEG1065	-	Protein_ID: WP_000908974.1	-	-	phenylalanine--tRNA ligase subunit beta	Staphylococcus aureus subsp. aureus MRSA252	NC_002952	MHBII medium	locus_tag:SAR_RS05680	-	-
PJKHBDOM_01883	DEG10650227	59	1.32e-10	48.1	DEG1065	trxA	Protein_ID: WP_001018928.1	-	-	thioredoxin	Staphylococcus aureus subsp. aureus MRSA252	NC_002952	MHBII medium	locus_tag:SAR_RS05710	-	-
PJKHBDOM_01888	DEG10650223	0	0.0	544.0	DEG1065	-	Protein_ID: WP_000434765.1	-	-	phosphotransferase family protein	Staphylococcus aureus subsp. aureus MRSA252	NC_002952	MHBII medium	locus_tag:SAR_RS09410	-	-
PJKHBDOM_01893	DEG10650098	5	0.0	1103.0	DEG1065	-	Protein_ID: WP_000004340.1	-	-	polysaccharide biosynthesis protein	Staphylococcus aureus subsp. aureus MRSA252	NC_002952	MHBII medium	locus_tag:SAR_RS09435	-	-
PJKHBDOM_01898	DEG10650084	7	0.0	1649.0	DEG1065	-	Protein_ID: WP_001573995.1	-	-	leucine--tRNA ligase	Staphylococcus aureus subsp. aureus MRSA252	NC_002952	MHBII medium	locus_tag:SAR_RS09455	-	-
PJKHBDOM_01918	DEG10650246	1	0.0	579.0	DEG1065	-	Protein_ID: WP_001032833.1	-	-	N-acetylglucosaminidase	Staphylococcus aureus subsp. aureus MRSA252	NC_002952	MHBII medium	locus_tag:SAR_RS09530	-	-
PJKHBDOM_01932	DEG10650090	1	0.0	812.0	DEG1065	-	Protein_ID: WP_000933819.1	-	-	methionine adenosyltransferase	Staphylococcus aureus subsp. aureus MRSA252	NC_002952	MHBII medium	locus_tag:SAR_RS09595	-	-
PJKHBDOM_01968	DEG10650262	130	9.81e-18	73.6	DEG1065	-	Protein_ID: WP_000389651.1	-	-	energy-coupling factor transporter ATPase	Staphylococcus aureus subsp. aureus MRSA252	NC_002952	MHBII medium	locus_tag:SAR_RS12055	-	-
PJKHBDOM_01970	DEG10650014	81	1.77e-16	69.7	DEG1065	coaBC	Protein_ID: WP_000722165.1	-	-	bifunctional phosphopantothenoylcysteine decarboxylase/phosphopantothenate--cysteine ligase CoaBC	Staphylococcus aureus subsp. aureus MRSA252	NC_002952	MHBII medium	locus_tag:SAR_RS06060	-	-
PJKHBDOM_01990	DEG10650233	10	0.0	940.0	DEG1065	-	Protein_ID: WP_000167535.1	-	-	protoporphyrinogen oxidase	Staphylococcus aureus subsp. aureus MRSA252	NC_002952	MHBII medium	locus_tag:SAR_RS09875	-	-
PJKHBDOM_01991	DEG10650253	2	0.0	632.0	DEG1065	hemH	Protein_ID: WP_000162890.1	-	-	ferrochelatase	Staphylococcus aureus subsp. aureus MRSA252	NC_002952	MHBII medium	locus_tag:SAR_RS09880	-	-
PJKHBDOM_01992	DEG10650243	2	0.0	709.0	DEG1065	hemE	Protein_ID: WP_000233541.1	-	-	uroporphyrinogen decarboxylase	Staphylococcus aureus subsp. aureus MRSA252	NC_002952	MHBII medium	locus_tag:SAR_RS09885	-	-
PJKHBDOM_01995	DEG10650239	153	3.62e-26	97.4	DEG1065	-	Protein_ID: WP_000586768.1	-	-	energy-coupling factor transporter ATPase	Staphylococcus aureus subsp. aureus MRSA252	NC_002952	MHBII medium	locus_tag:SAR_RS12050	-	-
PJKHBDOM_02000	DEG10650197	0	0.0	650.0	DEG1065	yhaM	Protein_ID: WP_001244175.1	-	-	3'-5' exoribonuclease YhaM	Staphylococcus aureus subsp. aureus MRSA252	NC_002952	MHBII medium	locus_tag:SAR_RS09930	-	-
PJKHBDOM_02002	DEG10650257	172	3.7e-06	42.0	DEG1065	-	Protein_ID: WP_000691309.1	-	-	exonuclease SbcCD subunit D	Staphylococcus aureus subsp. aureus MRSA252	NC_002952	MHBII medium	locus_tag:SAR_RS06920	-	-
PJKHBDOM_02006	DEG10650195	65	1.24e-07	43.9	DEG1065	-	Protein_ID: WP_000101976.1	-	-	response regulator transcription factor	Staphylococcus aureus subsp. aureus MRSA252	NC_002952	MHBII medium	locus_tag:SAR_RS00100	-	-
PJKHBDOM_02016	DEG10650262	126	2.4799999999999996e-42	139.0	DEG1065	-	Protein_ID: WP_000389651.1	-	-	energy-coupling factor transporter ATPase	Staphylococcus aureus subsp. aureus MRSA252	NC_002952	MHBII medium	locus_tag:SAR_RS12055	-	-
PJKHBDOM_02058	DEG10650239	144	2.0800000000000004e-27	105.0	DEG1065	-	Protein_ID: WP_000586768.1	-	-	energy-coupling factor transporter ATPase	Staphylococcus aureus subsp. aureus MRSA252	NC_002952	MHBII medium	locus_tag:SAR_RS12050	-	-
PJKHBDOM_02064	DEG10650173	157	2.08e-16	72.8	DEG1065	tagH	Protein_ID: WP_001103233.1	-	-	teichoic acids export ABC transporter ATP-binding subunit TagH	Staphylococcus aureus subsp. aureus MRSA252	NC_002952	MHBII medium	locus_tag:SAR_RS03320	-	-
PJKHBDOM_02067	DEG10650121	116	5.3e-24	94.7	DEG1065	-	Protein_ID: WP_000138334.1	-	-	penicillin-binding protein	Staphylococcus aureus subsp. aureus MRSA252	NC_002952	MHBII medium	locus_tag:SAR_RS07470	-	-
PJKHBDOM_02068	DEG10650131	58	7.33e-06	38.9	DEG1065	-	Protein_ID: WP_000159960.1	-	-	CTP synthase	Staphylococcus aureus subsp. aureus MRSA252	NC_002952	MHBII medium	locus_tag:SAR_RS11550	-	-
PJKHBDOM_02077	DEG10650195	84	2.59e-08	46.2	DEG1065	-	Protein_ID: WP_000101976.1	-	-	response regulator transcription factor	Staphylococcus aureus subsp. aureus MRSA252	NC_002952	MHBII medium	locus_tag:SAR_RS00100	-	-
PJKHBDOM_02081	DEG10650087	0	0.0	517.0	DEG1065	map	Protein_ID: WP_000636142.1	-	-	type I methionyl aminopeptidase	Staphylococcus aureus subsp. aureus MRSA252	NC_002952	MHBII medium	locus_tag:SAR_RS10325	-	-
PJKHBDOM_02085	DEG10650097	195	1.3e-07	47.0	DEG1065	-	Protein_ID: WP_000611456.1	-	-	UDP-N-acetylmuramoyl-tripeptide--D-alanyl-D- alanine ligase	Staphylococcus aureus subsp. aureus MRSA252	NC_002952	MHBII medium	locus_tag:SAR_RS11305	-	-
PJKHBDOM_02087	DEG10650120	126	5.65e-15	65.9	DEG1065	-	Protein_ID: WP_000139497.1	-	-	PolC-type DNA polymerase III	Staphylococcus aureus subsp. aureus MRSA252	NC_002952	MHBII medium	locus_tag:SAR_RS06345	-	-
PJKHBDOM_02091	DEG10650020	1	0.0	636.0	DEG1065	-	Protein_ID: WP_001231458.1	-	-	diacylglycerol kinase	Staphylococcus aureus subsp. aureus MRSA252	NC_002952	MHBII medium	locus_tag:SAR_RS10385	-	-
PJKHBDOM_02092	DEG10650059	1	0.0	812.0	DEG1065	gatB	Protein_ID: WP_000545373.1	-	-	Asp-tRNA(Asn)/Glu-tRNA(Gln) amidotransferase subunit GatB	Staphylococcus aureus subsp. aureus MRSA252	NC_002952	MHBII medium	locus_tag:SAR_RS10395	-	-
PJKHBDOM_02093	DEG10650059	2	6.1599999999999996e-55	170.0	DEG1065	gatB	Protein_ID: WP_000545373.1	-	-	Asp-tRNA(Asn)/Glu-tRNA(Gln) amidotransferase subunit GatB	Staphylococcus aureus subsp. aureus MRSA252	NC_002952	MHBII medium	locus_tag:SAR_RS10395	-	-
PJKHBDOM_02094	DEG10650058	1	0.0	985.0	DEG1065	gatA	Protein_ID: WP_000027924.1	-	-	Asp-tRNA(Asn)/Glu-tRNA(Gln) amidotransferase subunit GatA	Staphylococcus aureus subsp. aureus MRSA252	NC_002952	MHBII medium	locus_tag:SAR_RS10400	-	-
PJKHBDOM_02095	DEG10650231	0	1.27e-71	202.0	DEG1065	gatC	Protein_ID: WP_000170162.1	-	-	Asp-tRNA(Asn)/Glu-tRNA(Gln) amidotransferase subunit GatC	Staphylococcus aureus subsp. aureus MRSA252	NC_002952	MHBII medium	locus_tag:SAR_RS10405	-	-
PJKHBDOM_02098	DEG10650085	3	0.0	1368.0	DEG1065	ligA	Protein_ID: WP_000774552.1	-	-	NAD-dependent DNA ligase LigA	Staphylococcus aureus subsp. aureus MRSA252	NC_002952	MHBII medium	locus_tag:SAR_RS10420	-	-
PJKHBDOM_02099	DEG10650228	312	5.79e-26	107.0	DEG1065	addA	Protein_ID: WP_000154950.1	-	-	helicase-exonuclease AddAB subunit AddA	Staphylococcus aureus subsp. aureus MRSA252	NC_002952	MHBII medium	locus_tag:SAR_RS04730	-	-
PJKHBDOM_02099	DEG10650228	57	1.19e-11	61.6	DEG1065	addA	Protein_ID: WP_000154950.1	-	-	helicase-exonuclease AddAB subunit AddA	Staphylococcus aureus subsp. aureus MRSA252	NC_002952	MHBII medium	locus_tag:SAR_RS04730	-	-
PJKHBDOM_02107	DEG10650100	4	0.0	553.0	DEG1065	nadE	Protein_ID: WP_000040861.1	-	-	ammonia-dependent NAD(+) synthetase	Staphylococcus aureus subsp. aureus MRSA252	NC_002952	MHBII medium	locus_tag:SAR_RS10465	-	-
PJKHBDOM_02108	DEG10650119	7	0.0	1003.0	DEG1065	-	Protein_ID: WP_000284438.1	-	-	nicotinate phosphoribosyltransferase	Staphylococcus aureus subsp. aureus MRSA252	NC_002952	MHBII medium	locus_tag:SAR_RS10470	-	-
PJKHBDOM_02114	DEG10650122	0	0.0	632.0	DEG1065	-	Protein_ID: WP_001140871.1	-	-	manganese-dependent inorganic pyrophosphatase	Staphylococcus aureus subsp. aureus MRSA252	NC_002952	MHBII medium	locus_tag:SAR_RS10505	-	-
PJKHBDOM_02126	DEG10650173	125	2.44e-16	70.9	DEG1065	tagH	Protein_ID: WP_001103233.1	-	-	teichoic acids export ABC transporter ATP-binding subunit TagH	Staphylococcus aureus subsp. aureus MRSA252	NC_002952	MHBII medium	locus_tag:SAR_RS03320	-	-
PJKHBDOM_02128	DEG10650262	138	5.85e-19	78.6	DEG1065	-	Protein_ID: WP_000389651.1	-	-	energy-coupling factor transporter ATPase	Staphylococcus aureus subsp. aureus MRSA252	NC_002952	MHBII medium	locus_tag:SAR_RS12055	-	-
PJKHBDOM_02175	DEG10650028	21	5.16e-06	40.8	DEG1065	-	Protein_ID: WP_000533488.1	-	-	DnaD domain protein	Staphylococcus aureus subsp. aureus MRSA252	NC_002952	MHBII medium	locus_tag:SAR_RS09025	-	-
PJKHBDOM_02176	DEG10650168	50	3.57e-73	211.0	DEG1065	ssb	Protein_ID: WP_000934799.1	-	-	single-stranded DNA-binding protein	Staphylococcus aureus subsp. aureus MRSA252	NC_002952	MHBII medium	locus_tag:SAR_RS01825	-	-
PJKHBDOM_02191	DEG10650252	57	1.4000000000000002e-31	107.0	DEG1065	-	Protein_ID: WP_001089477.1	-	-	helix-turn-helix domain-containing protein	Staphylococcus aureus subsp. aureus MRSA252	NC_002952	MHBII medium	locus_tag:SAR_RS07985	-	-
PJKHBDOM_02195	DEG10650294	197	6.07e-09	50.1	DEG1065	xerD	Protein_ID: WP_000447733.1	-	-	site-specific tyrosine recombinase XerD	Staphylococcus aureus subsp. aureus MRSA252	NC_002952	MHBII medium	locus_tag:SAR_RS08055	-	-
PJKHBDOM_02208	DEG10650294	43	2.53e-06	37.4	DEG1065	xerD	Protein_ID: WP_000447733.1	-	-	site-specific tyrosine recombinase XerD	Staphylococcus aureus subsp. aureus MRSA252	NC_002952	MHBII medium	locus_tag:SAR_RS08055	-	-
PJKHBDOM_02209	DEG10650068	3	0.0	1065.0	DEG1065	groL	Protein_ID: WP_000240651.1	-	-	chaperonin GroEL	Staphylococcus aureus subsp. aureus MRSA252	NC_002952	MHBII medium	locus_tag:SAR_RS10995	-	-
PJKHBDOM_02234	DEG10650227	35	7.76e-10	45.4	DEG1065	trxA	Protein_ID: WP_001018928.1	-	-	thioredoxin	Staphylococcus aureus subsp. aureus MRSA252	NC_002952	MHBII medium	locus_tag:SAR_RS05710	-	-
PJKHBDOM_02236	DEG10650103	145	2.34e-126	359.0	DEG1065	nrdF	Protein_ID: WP_000562498.1	-	-	class 1b ribonucleoside-diphosphate reductase subunit beta	Staphylococcus aureus subsp. aureus MRSA252	NC_002952	MHBII medium	locus_tag:SAR_RS03995	-	-
PJKHBDOM_02237	DEG10650102	31	3.5e-36	122.0	DEG1065	nrdE	Protein_ID: WP_000855505.1	-	-	class 1b ribonucleoside-diphosphate reductase subunit alpha	Staphylococcus aureus subsp. aureus MRSA252	NC_002952	MHBII medium	locus_tag:SAR_RS03990	-	-
PJKHBDOM_02238	DEG10650102	141	1.85e-156	472.0	DEG1065	nrdE	Protein_ID: WP_000855505.1	-	-	class 1b ribonucleoside-diphosphate reductase subunit alpha	Staphylococcus aureus subsp. aureus MRSA252	NC_002952	MHBII medium	locus_tag:SAR_RS03990	-	-
PJKHBDOM_02238	DEG10650102	104	1.37e-52	190.0	DEG1065	nrdE	Protein_ID: WP_000855505.1	-	-	class 1b ribonucleoside-diphosphate reductase subunit alpha	Staphylococcus aureus subsp. aureus MRSA252	NC_002952	MHBII medium	locus_tag:SAR_RS03990	-	-
PJKHBDOM_02240	DEG10650104	65	4.8399999999999995e-23	82.0	DEG1065	nrdI	Protein_ID: WP_000692521.1	-	-	class Ib ribonucleoside-diphosphate reductase assembly flavoprotein NrdI	Staphylococcus aureus subsp. aureus MRSA252	NC_002952	MHBII medium	locus_tag:SAR_RS03985	-	-
PJKHBDOM_02262	DEG10650031	365	5.23e-35	137.0	DEG1065	-	Protein_ID: WP_000226930.1	-	-	DNA polymerase III subunit alpha	Staphylococcus aureus subsp. aureus MRSA252	NC_002952	MHBII medium	locus_tag:SAR_RS09115	-	-
PJKHBDOM_02263	DEG10650031	38	1.29e-09	53.9	DEG1065	-	Protein_ID: WP_000226930.1	-	-	DNA polymerase III subunit alpha	Staphylococcus aureus subsp. aureus MRSA252	NC_002952	MHBII medium	locus_tag:SAR_RS09115	-	-
